canonical_well_id,original_well_name,well_type,zone_scope_source,parameter_canonical,parameter_original,unit_original,unit_standardized,dws_value,result_value,result_date,result_qualifier,source_file,source_row_or_page
raanana_p_25,פ רעננה 25,private_production,Raanana_main_industrial,CHLF,CHLOROFORM,microgr/L,µg/L,80.0,0.0,2019-02-25,=,Raanana_current_monitoring_2024,
raanana_p_25,פ רעננה 25,private_production,Raanana_main_industrial,TCEY,TRICHLORO ETHYLENE,microgr/L,µg/L,7.5,1.5,2019-02-25,=,Raanana_current_monitoring_2024,
raanana_p_25,פ רעננה 25,private_production,Raanana_main_industrial,CHLF,CHLOROFORM,microgr/L,µg/L,80.0,0.0,2019-05-21,=,Raanana_current_monitoring_2024,
raanana_p_25,פ רעננה 25,private_production,Raanana_main_industrial,TCEY,TRICHLORO ETHYLENE,microgr/L,µg/L,7.5,2.6,2019-05-21,=,Raanana_current_monitoring_2024,
raanana_p_25,פ רעננה 25,private_production,Raanana_main_industrial,CHLF,CHLOROFORM,microgr/L,µg/L,80.0,0.0,2019-08-20,=,Raanana_current_monitoring_2024,
raanana_p_25,פ רעננה 25,private_production,Raanana_main_industrial,TCEY,TRICHLORO ETHYLENE,microgr/L,µg/L,7.5,1.9,2019-08-20,=,Raanana_current_monitoring_2024,
raanana_p_25,פ רעננה 25,private_production,Raanana_main_industrial,AS,ARSENIC AS AS,microgr/L,µg/L,10.0,0.0,2023-03-12,=,Raanana_current_monitoring_2024,
raanana_p_25,פ רעננה 25,private_production,Raanana_main_industrial,BA,BARIUM AS BA,microgr/L,µg/L,1000.0,95.8,2023-03-12,=,Raanana_current_monitoring_2024,
raanana_p_25,פ רעננה 25,private_production,Raanana_main_industrial,CD,CADMIUM AS CD,microgr/L,µg/L,5.0,0.0,2023-03-12,=,Raanana_current_monitoring_2024,
raanana_p_25,פ רעננה 25,private_production,Raanana_main_industrial,CHLF,CHLOROFORM,microgr/L,µg/L,80.0,0.3,2023-03-12,=,Raanana_current_monitoring_2024,
raanana_p_25,פ רעננה 25,private_production,Raanana_main_industrial,CR,CHROMIUM AS CR,microgr/L,µg/L,50.0,15.9,2023-03-12,=,Raanana_current_monitoring_2024,
raanana_p_25,פ רעננה 25,private_production,Raanana_main_industrial,CU,COPPER AS CU,microgr/L,µg/L,1400.0,0.0,2023-03-12,=,Raanana_current_monitoring_2024,
raanana_p_25,פ רעננה 25,private_production,Raanana_main_industrial,FE,IRON TOTAL AS FE,microgr/L,µg/L,1000.0,0.0,2023-03-12,=,Raanana_current_monitoring_2024,
raanana_p_25,פ רעננה 25,private_production,Raanana_main_industrial,MN,MANGANESE TOTAL AS MN,microgr/L,µg/L,200.0,0.0,2023-03-12,=,Raanana_current_monitoring_2024,
raanana_p_25,פ רעננה 25,private_production,Raanana_main_industrial,MTBE,MTBE,microgr/L,µg/L,40.0,0.0,2023-03-12,=,Raanana_current_monitoring_2024,
raanana_p_25,פ רעננה 25,private_production,Raanana_main_industrial,NI,NICKEL AS NI,microgr/L,µg/L,20.0,0.0,2023-03-12,=,Raanana_current_monitoring_2024,
raanana_p_25,פ רעננה 25,private_production,Raanana_main_industrial,PB,LEAD AS PB,microgr/L,µg/L,10.0,0.0,2023-03-12,=,Raanana_current_monitoring_2024,
raanana_p_25,פ רעננה 25,private_production,Raanana_main_industrial,SE,SELENIUM AS SE,microgr/L,µg/L,10.0,0.0,2023-03-12,=,Raanana_current_monitoring_2024,
raanana_p_25,פ רעננה 25,private_production,Raanana_main_industrial,TCEY,TRICHLORO ETHYLENE,microgr/L,µg/L,7.5,9.2,2023-03-12,=,Raanana_current_monitoring_2024,
raanana_p_25,פ רעננה 25,private_production,Raanana_main_industrial,ZN,ZINC AS ZN,microgr/L,µg/L,5000.0,0.0,2023-03-12,=,Raanana_current_monitoring_2024,
raanana_p_25,פ רעננה 25,private_production,Raanana_main_industrial,BA,BARIUM AS BA,microgr/L,µg/L,1000.0,97.0,2023-08-08,=,Raanana_current_monitoring_2024,
raanana_p_25,פ רעננה 25,private_production,Raanana_main_industrial,FE,IRON TOTAL AS FE,microgr/L,µg/L,1000.0,0.0,2023-08-08,=,Raanana_current_monitoring_2024,
raanana_p_25,פ רעננה 25,private_production,Raanana_main_industrial,MN,MANGANESE TOTAL AS MN,microgr/L,µg/L,200.0,0.0,2023-08-08,=,Raanana_current_monitoring_2024,
raanana_p_25,פ רעננה 25,private_production,Raanana_main_industrial,TCEY,TRICHLORO ETHYLENE,microgr/L,µg/L,7.5,14.1,2023-09-11,=,Raanana_current_monitoring_2024,
raanana_p_25,פ רעננה 25,private_production,Raanana_main_industrial,CHLF,CHLOROFORM,microgr/L,µg/L,80.0,0.4,2023-10-16,=,Raanana_current_monitoring_2024,
raanana_p_25,פ רעננה 25,private_production,Raanana_main_industrial,TCEY,TRICHLORO ETHYLENE,microgr/L,µg/L,7.5,10.9,2023-10-16,=,Raanana_current_monitoring_2024,
raanana_p_25,פ רעננה 25,private_production,Raanana_main_industrial,TCEY,TRICHLORO ETHYLENE,microgr/L,µg/L,7.5,10.9,2023-11-27,=,Raanana_current_monitoring_2024,
raanana_p_25,פ רעננה 25,private_production,Raanana_main_industrial,CHLF,CHLOROFORM,microgr/L,µg/L,80.0,0.3,2024-02-05,=,Raanana_current_monitoring_2024,
raanana_p_25,פ רעננה 25,private_production,Raanana_main_industrial,TCEY,TRICHLORO ETHYLENE,microgr/L,µg/L,7.5,10.8,2024-02-05,=,Raanana_current_monitoring_2024,
raanana_p_25,פ רעננה 25,private_production,Raanana_main_industrial,CHLF,CHLOROFORM,microgr/L,µg/L,80.0,0.4,2024-05-19,=,Raanana_current_monitoring_2024,
raanana_p_25,פ רעננה 25,private_production,Raanana_main_industrial,TCEY,TRICHLORO ETHYLENE,microgr/L,µg/L,7.5,12.6,2024-05-19,=,Raanana_current_monitoring_2024,
raanana_p_25,פ רעננה 25,private_production,Raanana_main_industrial,PFBA,Perfluorobytanoic acid,microgr/L,µg/L,0.1,0.0,2024-06-04,=,Raanana_current_monitoring_2024,
raanana_p_25,פ רעננה 25,private_production,Raanana_main_industrial,PFBS,Perfluorobutane Sulfonic Acid,microgr/L,µg/L,0.1,0.0,2024-06-04,=,Raanana_current_monitoring_2024,
raanana_p_25,פ רעננה 25,private_production,Raanana_main_industrial,PFDA,Perfluorodecanoic acid,microgr/L,µg/L,0.1,0.0,2024-06-04,=,Raanana_current_monitoring_2024,
raanana_p_25,פ רעננה 25,private_production,Raanana_main_industrial,PFHpA,Perfluoroheptanoic acid,microgr/L,µg/L,0.1,0.0,2024-06-04,=,Raanana_current_monitoring_2024,
raanana_p_25,פ רעננה 25,private_production,Raanana_main_industrial,PFHxA,Perfluorohexanoic acid,microgr/L,µg/L,0.1,0.0,2024-06-04,=,Raanana_current_monitoring_2024,
raanana_p_25,פ רעננה 25,private_production,Raanana_main_industrial,PFHxS,Perfluorohexanesulfonic acid,microgr/L,µg/L,0.1,0.0,2024-06-04,=,Raanana_current_monitoring_2024,
raanana_p_25,פ רעננה 25,private_production,Raanana_main_industrial,PFNA,Perfluorononanoic acid,microgr/L,µg/L,0.1,0.0,2024-06-04,=,Raanana_current_monitoring_2024,
raanana_p_25,פ רעננה 25,private_production,Raanana_main_industrial,PFOA,Per-FluoroOctanoic Acid,microgr/L,µg/L,0.1,0.0,2024-06-04,=,Raanana_current_monitoring_2024,
raanana_p_25,פ רעננה 25,private_production,Raanana_main_industrial,PFOS,Per-FluoroOctaneSulfonate,microgr/L,µg/L,0.1,0.0,2024-06-04,=,Raanana_current_monitoring_2024,
raanana_p_25,פ רעננה 25,private_production,Raanana_main_industrial,TCEY,TRICHLORO ETHYLENE,microgr/L,µg/L,7.5,12.9,2024-08-04,=,Raanana_current_monitoring_2024,
raanana_p_25,פ רעננה 25,private_production,Raanana_main_industrial,CHLF,CHLOROFORM,microgr/L,µg/L,80.0,0.4,2024-11-03,=,Raanana_current_monitoring_2024,
raanana_p_25,פ רעננה 25,private_production,Raanana_main_industrial,TCEY,TRICHLORO ETHYLENE,microgr/L,µg/L,7.5,12.2,2024-11-03,=,Raanana_current_monitoring_2024,
raanana_p_25,פ רעננה 25,private_production,Raanana_main_industrial,TCEY,TRICHLORO ETHYLENE,microgr/L,µg/L,7.5,8.9,2025-02-02,=,Raanana_current_monitoring_2024,
raanana_p_25,פ רעננה 25,private_production,Raanana_main_industrial,TCEY,TRICHLORO ETHYLENE,microgr/L,µg/L,7.5,8.9,2025-02-02,=,Raanana_current_monitoring_2024,
raanana_p_25,פ רעננה 25,private_production,Raanana_main_industrial,AS,ARSENIC AS AS,microgr/L,µg/L,10.0,0.0,2025-03-02,=,Raanana_current_monitoring_2024,
raanana_p_25,פ רעננה 25,private_production,Raanana_main_industrial,BA,BARIUM AS BA,microgr/L,µg/L,1000.0,100.5,2025-03-02,=,Raanana_current_monitoring_2024,
raanana_p_25,פ רעננה 25,private_production,Raanana_main_industrial,CD,CADMIUM AS CD,microgr/L,µg/L,5.0,0.0,2025-03-02,=,Raanana_current_monitoring_2024,
raanana_p_25,פ רעננה 25,private_production,Raanana_main_industrial,CHLF,CHLOROFORM,microgr/L,µg/L,80.0,0.5,2025-03-02,=,Raanana_current_monitoring_2024,
raanana_p_25,פ רעננה 25,private_production,Raanana_main_industrial,CR,CHROMIUM AS CR,microgr/L,µg/L,50.0,15.8,2025-03-02,=,Raanana_current_monitoring_2024,
raanana_p_25,פ רעננה 25,private_production,Raanana_main_industrial,CU,COPPER AS CU,microgr/L,µg/L,1400.0,0.0,2025-03-02,=,Raanana_current_monitoring_2024,
raanana_p_25,פ רעננה 25,private_production,Raanana_main_industrial,FE,IRON TOTAL AS FE,microgr/L,µg/L,1000.0,0.0,2025-03-02,=,Raanana_current_monitoring_2024,
raanana_p_25,פ רעננה 25,private_production,Raanana_main_industrial,MN,MANGANESE TOTAL AS MN,microgr/L,µg/L,200.0,0.0,2025-03-02,=,Raanana_current_monitoring_2024,
raanana_p_25,פ רעננה 25,private_production,Raanana_main_industrial,MTBE,MTBE,microgr/L,µg/L,40.0,0.0,2025-03-02,=,Raanana_current_monitoring_2024,
raanana_p_25,פ רעננה 25,private_production,Raanana_main_industrial,NI,NICKEL AS NI,microgr/L,µg/L,20.0,0.0,2025-03-02,=,Raanana_current_monitoring_2024,
raanana_p_25,פ רעננה 25,private_production,Raanana_main_industrial,PB,LEAD AS PB,microgr/L,µg/L,10.0,0.0,2025-03-02,=,Raanana_current_monitoring_2024,
raanana_p_25,פ רעננה 25,private_production,Raanana_main_industrial,SE,SELENIUM AS SE,microgr/L,µg/L,10.0,0.0,2025-03-02,=,Raanana_current_monitoring_2024,
raanana_p_25,פ רעננה 25,private_production,Raanana_main_industrial,TCEY,TRICHLORO ETHYLENE,microgr/L,µg/L,7.5,10.4,2025-03-02,=,Raanana_current_monitoring_2024,
raanana_p_25,פ רעננה 25,private_production,Raanana_main_industrial,ZN,ZINC AS ZN,microgr/L,µg/L,5000.0,0.0,2025-03-02,=,Raanana_current_monitoring_2024,
raanana_p_25,פ רעננה 25,private_production,Raanana_main_industrial,AS,ARSENIC AS AS,microgr/L,µg/L,10.0,0.0,2025-03-02,=,Raanana_current_monitoring_2024,
raanana_p_25,פ רעננה 25,private_production,Raanana_main_industrial,BA,BARIUM AS BA,microgr/L,µg/L,1000.0,100.5,2025-03-02,=,Raanana_current_monitoring_2024,
raanana_p_25,פ רעננה 25,private_production,Raanana_main_industrial,CD,CADMIUM AS CD,microgr/L,µg/L,5.0,0.0,2025-03-02,=,Raanana_current_monitoring_2024,
raanana_p_25,פ רעננה 25,private_production,Raanana_main_industrial,CHLF,CHLOROFORM,microgr/L,µg/L,80.0,0.5,2025-03-02,=,Raanana_current_monitoring_2024,
raanana_p_25,פ רעננה 25,private_production,Raanana_main_industrial,CR,CHROMIUM AS CR,microgr/L,µg/L,50.0,15.8,2025-03-02,=,Raanana_current_monitoring_2024,
raanana_p_25,פ רעננה 25,private_production,Raanana_main_industrial,CU,COPPER AS CU,microgr/L,µg/L,1400.0,0.0,2025-03-02,=,Raanana_current_monitoring_2024,
raanana_p_25,פ רעננה 25,private_production,Raanana_main_industrial,FE,IRON TOTAL AS FE,microgr/L,µg/L,1000.0,0.0,2025-03-02,=,Raanana_current_monitoring_2024,
raanana_p_25,פ רעננה 25,private_production,Raanana_main_industrial,MN,MANGANESE TOTAL AS MN,microgr/L,µg/L,200.0,0.0,2025-03-02,=,Raanana_current_monitoring_2024,
raanana_p_25,פ רעננה 25,private_production,Raanana_main_industrial,MTBE,MTBE,microgr/L,µg/L,40.0,0.0,2025-03-02,=,Raanana_current_monitoring_2024,
raanana_p_25,פ רעננה 25,private_production,Raanana_main_industrial,NI,NICKEL AS NI,microgr/L,µg/L,20.0,0.0,2025-03-02,=,Raanana_current_monitoring_2024,
raanana_p_25,פ רעננה 25,private_production,Raanana_main_industrial,PB,LEAD AS PB,microgr/L,µg/L,10.0,0.0,2025-03-02,=,Raanana_current_monitoring_2024,
raanana_p_25,פ רעננה 25,private_production,Raanana_main_industrial,SE,SELENIUM AS SE,microgr/L,µg/L,10.0,0.0,2025-03-02,=,Raanana_current_monitoring_2024,
raanana_p_25,פ רעננה 25,private_production,Raanana_main_industrial,TCEY,TRICHLORO ETHYLENE,microgr/L,µg/L,7.5,10.4,2025-03-02,=,Raanana_current_monitoring_2024,
raanana_p_25,פ רעננה 25,private_production,Raanana_main_industrial,ZN,ZINC AS ZN,microgr/L,µg/L,5000.0,0.0,2025-03-02,=,Raanana_current_monitoring_2024,
raanana_p_25,פ רעננה 25,private_production,Raanana_main_industrial,CHLF,CHLOROFORM,microgr/L,µg/L,80.0,0.5,2025-05-05,=,Raanana_current_monitoring_2024,
raanana_p_25,פ רעננה 25,private_production,Raanana_main_industrial,TCEY,TRICHLORO ETHYLENE,microgr/L,µg/L,7.5,11.5,2025-05-05,=,Raanana_current_monitoring_2024,
raanana_p_25,פ רעננה 25,private_production,Raanana_main_industrial,TCEY,TRICHLORO ETHYLENE,microgr/L,µg/L,7.5,10.8,2025-08-03,=,Raanana_current_monitoring_2024,
raanana_p_25,פ רעננה 25,private_production,Raanana_main_industrial,PFBA,Perfluorobytanoic acid,microgr/L,µg/L,0.1,0.0,2025-08-10,=,Raanana_current_monitoring_2024,
raanana_p_25,פ רעננה 25,private_production,Raanana_main_industrial,PFBS,Perfluorobutane Sulfonic Acid,microgr/L,µg/L,0.1,0.0,2025-08-10,=,Raanana_current_monitoring_2024,
raanana_p_25,פ רעננה 25,private_production,Raanana_main_industrial,PFHpA,Perfluoroheptanoic acid,microgr/L,µg/L,0.1,0.0,2025-08-10,=,Raanana_current_monitoring_2024,
raanana_p_25,פ רעננה 25,private_production,Raanana_main_industrial,PFHxA,Perfluorohexanoic acid,microgr/L,µg/L,0.1,0.0,2025-08-10,=,Raanana_current_monitoring_2024,
raanana_p_25,פ רעננה 25,private_production,Raanana_main_industrial,PFHxS,Perfluorohexanesulfonic acid,microgr/L,µg/L,0.1,0.0,2025-08-10,=,Raanana_current_monitoring_2024,
raanana_p_25,פ רעננה 25,private_production,Raanana_main_industrial,PFNA,Perfluorononanoic acid,microgr/L,µg/L,0.1,0.0,2025-08-10,=,Raanana_current_monitoring_2024,
raanana_p_25,פ רעננה 25,private_production,Raanana_main_industrial,PFOA,Per-FluoroOctanoic Acid,microgr/L,µg/L,0.1,0.0,2025-08-10,=,Raanana_current_monitoring_2024,
raanana_p_25,פ רעננה 25,private_production,Raanana_main_industrial,PFOS,Per-FluoroOctaneSulfonate,microgr/L,µg/L,0.1,0.0,2025-08-10,=,Raanana_current_monitoring_2024,
raanana_p_25,פ רעננה 25,private_production,Raanana_main_industrial,PFPeA,Perfluoropentanoic acid,microgr/L,µg/L,0.1,0.0,2025-08-10,=,Raanana_current_monitoring_2024,
raanana_p_25,פ רעננה 25,private_production,Raanana_main_industrial,TCEY,TRICHLORO ETHYLENE,microgr/L,µg/L,7.5,10.5,2025-11-10,=,Raanana_current_monitoring_2024,
raanana_p_18,פ רעננה 18,private_production,Raanana_main_industrial,CHLF,CHLOROFORM,microgr/L,µg/L,80.0,0.0,2011-05-02,=,Raanana_current_monitoring_2024,
raanana_p_18,פ רעננה 18,private_production,Raanana_main_industrial,MTBE,MTBE,microgr/L,µg/L,40.0,0.0,2011-05-02,=,Raanana_current_monitoring_2024,
raanana_p_18,פ רעננה 18,private_production,Raanana_main_industrial,OXYL,o-Xylene,microgr/L,µg/L,,0.0,2011-05-02,=,Raanana_current_monitoring_2024,
raanana_p_18,פ רעננה 18,private_production,Raanana_main_industrial,PXYL,p-xylene,microgr/L,µg/L,,0.0,2011-05-02,=,Raanana_current_monitoring_2024,
raanana_p_18,פ רעננה 18,private_production,Raanana_main_industrial,TCEY,TRICHLORO ETHYLENE,microgr/L,µg/L,7.5,0.0,2011-05-02,=,Raanana_current_monitoring_2024,
raanana_p_18,פ רעננה 18,private_production,Raanana_main_industrial,AS,ARSENIC AS AS,microgr/L,µg/L,10.0,1.32,2011-05-02,=,Raanana_current_monitoring_2024,
raanana_p_18,פ רעננה 18,private_production,Raanana_main_industrial,CD,CADMIUM AS CD,microgr/L,µg/L,5.0,0.0,2011-05-02,=,Raanana_current_monitoring_2024,
raanana_p_18,פ רעננה 18,private_production,Raanana_main_industrial,CR,CHROMIUM AS CR,microgr/L,µg/L,50.0,0.11,2011-05-02,=,Raanana_current_monitoring_2024,
raanana_p_18,פ רעננה 18,private_production,Raanana_main_industrial,CU,COPPER AS CU,microgr/L,µg/L,1400.0,0.0,2011-05-02,=,Raanana_current_monitoring_2024,
raanana_p_18,פ רעננה 18,private_production,Raanana_main_industrial,FE++,FERROUS IRON DISSOLVED AS FE,microgr/L,µg/L,,0.0,2011-05-02,=,Raanana_current_monitoring_2024,
raanana_p_18,פ רעננה 18,private_production,Raanana_main_industrial,MN,MANGANESE TOTAL AS MN,microgr/L,µg/L,200.0,0.91,2011-05-02,=,Raanana_current_monitoring_2024,
raanana_p_18,פ רעננה 18,private_production,Raanana_main_industrial,NI,NICKEL AS NI,microgr/L,µg/L,20.0,1.19,2011-05-02,=,Raanana_current_monitoring_2024,
raanana_p_18,פ רעננה 18,private_production,Raanana_main_industrial,PB,LEAD AS PB,microgr/L,µg/L,10.0,0.0,2011-05-02,=,Raanana_current_monitoring_2024,
raanana_p_18,פ רעננה 18,private_production,Raanana_main_industrial,SE,SELENIUM AS SE,microgr/L,µg/L,10.0,1.62,2011-05-02,=,Raanana_current_monitoring_2024,
raanana_p_18,פ רעננה 18,private_production,Raanana_main_industrial,ZN,ZINC AS ZN,microgr/L,µg/L,5000.0,0.0,2011-05-02,=,Raanana_current_monitoring_2024,
raanana_nt_1,נת רעננה 1,industrial_monitoring,Raanana_main_industrial,CHLF,CHLOROFORM,microgr/L,µg/L,80.0,0.0,2012-06-25,=,Raanana_current_monitoring_2024,
raanana_nt_1,נת רעננה 1,industrial_monitoring,Raanana_main_industrial,MTBE,MTBE,microgr/L,µg/L,40.0,0.0,2012-06-25,=,Raanana_current_monitoring_2024,
raanana_nt_1,נת רעננה 1,industrial_monitoring,Raanana_main_industrial,OXYL,o-Xylene,microgr/L,µg/L,,0.0,2012-06-25,=,Raanana_current_monitoring_2024,
raanana_nt_1,נת רעננה 1,industrial_monitoring,Raanana_main_industrial,PXYL,p-xylene,microgr/L,µg/L,,0.0,2012-06-25,=,Raanana_current_monitoring_2024,
raanana_nt_1,נת רעננה 1,industrial_monitoring,Raanana_main_industrial,TCEY,TRICHLORO ETHYLENE,microgr/L,µg/L,7.5,0.0,2012-06-25,=,Raanana_current_monitoring_2024,
raanana_nt_1,נת רעננה 1,industrial_monitoring,Raanana_main_industrial,AS,ARSENIC AS AS,microgr/L,µg/L,10.0,0.0,2012-06-25,=,Raanana_current_monitoring_2024,
raanana_nt_1,נת רעננה 1,industrial_monitoring,Raanana_main_industrial,BA,BARIUM AS BA,microgr/L,µg/L,1000.0,0.0,2012-06-25,=,Raanana_current_monitoring_2024,
raanana_nt_1,נת רעננה 1,industrial_monitoring,Raanana_main_industrial,CD,CADMIUM AS CD,microgr/L,µg/L,5.0,0.0,2012-06-25,=,Raanana_current_monitoring_2024,
raanana_nt_1,נת רעננה 1,industrial_monitoring,Raanana_main_industrial,CR,CHROMIUM AS CR,microgr/L,µg/L,50.0,2.0,2012-06-25,=,Raanana_current_monitoring_2024,
raanana_nt_1,נת רעננה 1,industrial_monitoring,Raanana_main_industrial,CU,COPPER AS CU,microgr/L,µg/L,1400.0,0.0,2012-06-25,=,Raanana_current_monitoring_2024,
raanana_nt_1,נת רעננה 1,industrial_monitoring,Raanana_main_industrial,FE++,FERROUS IRON DISSOLVED AS FE,microgr/L,µg/L,,121.0,2012-06-25,=,Raanana_current_monitoring_2024,
raanana_nt_1,נת רעננה 1,industrial_monitoring,Raanana_main_industrial,MN,MANGANESE TOTAL AS MN,microgr/L,µg/L,200.0,32.8,2012-06-25,=,Raanana_current_monitoring_2024,
raanana_nt_1,נת רעננה 1,industrial_monitoring,Raanana_main_industrial,NI,NICKEL AS NI,microgr/L,µg/L,20.0,0.0,2012-06-25,=,Raanana_current_monitoring_2024,
raanana_nt_1,נת רעננה 1,industrial_monitoring,Raanana_main_industrial,PB,LEAD AS PB,microgr/L,µg/L,10.0,0.0,2012-06-25,=,Raanana_current_monitoring_2024,
raanana_nt_1,נת רעננה 1,industrial_monitoring,Raanana_main_industrial,CHLF,CHLOROFORM,microgr/L,µg/L,80.0,0.0,2012-08-06,=,Raanana_current_monitoring_2024,
raanana_nt_1,נת רעננה 1,industrial_monitoring,Raanana_main_industrial,MTBE,MTBE,microgr/L,µg/L,40.0,9.77,2012-08-06,=,Raanana_current_monitoring_2024,
raanana_nt_1,נת רעננה 1,industrial_monitoring,Raanana_main_industrial,OXYL,o-Xylene,microgr/L,µg/L,,0.0,2012-08-06,=,Raanana_current_monitoring_2024,
raanana_nt_1,נת רעננה 1,industrial_monitoring,Raanana_main_industrial,PXYL,p-xylene,microgr/L,µg/L,,0.0,2012-08-06,=,Raanana_current_monitoring_2024,
raanana_nt_1,נת רעננה 1,industrial_monitoring,Raanana_main_industrial,TCEY,TRICHLORO ETHYLENE,microgr/L,µg/L,7.5,0.0,2012-08-06,=,Raanana_current_monitoring_2024,
raanana_nt_1,נת רעננה 1,industrial_monitoring,Raanana_main_industrial,AS,ARSENIC AS AS,microgr/L,µg/L,10.0,0.0,2014-10-30,=,Raanana_current_monitoring_2024,
raanana_nt_1,נת רעננה 1,industrial_monitoring,Raanana_main_industrial,CD,CADMIUM AS CD,microgr/L,µg/L,5.0,0.0,2014-10-30,=,Raanana_current_monitoring_2024,
raanana_nt_1,נת רעננה 1,industrial_monitoring,Raanana_main_industrial,CR,CHROMIUM AS CR,microgr/L,µg/L,50.0,3.9,2014-10-30,=,Raanana_current_monitoring_2024,
raanana_nt_1,נת רעננה 1,industrial_monitoring,Raanana_main_industrial,CU,COPPER AS CU,microgr/L,µg/L,1400.0,34.9,2014-10-30,=,Raanana_current_monitoring_2024,
raanana_nt_1,נת רעננה 1,industrial_monitoring,Raanana_main_industrial,FE,IRON TOTAL AS FE,microgr/L,µg/L,1000.0,198.0,2014-10-30,=,Raanana_current_monitoring_2024,
raanana_nt_1,נת רעננה 1,industrial_monitoring,Raanana_main_industrial,MN,MANGANESE TOTAL AS MN,microgr/L,µg/L,200.0,36.7,2014-10-30,=,Raanana_current_monitoring_2024,
raanana_nt_1,נת רעננה 1,industrial_monitoring,Raanana_main_industrial,NI,NICKEL AS NI,microgr/L,µg/L,20.0,7.5,2014-10-30,=,Raanana_current_monitoring_2024,
raanana_nt_1,נת רעננה 1,industrial_monitoring,Raanana_main_industrial,PB,LEAD AS PB,microgr/L,µg/L,10.0,0.0,2014-10-30,=,Raanana_current_monitoring_2024,
raanana_nt_1,נת רעננה 1,industrial_monitoring,Raanana_main_industrial,CHLF,CHLOROFORM,microgr/L,µg/L,80.0,0.0,2015-06-28,=,Raanana_current_monitoring_2024,
raanana_nt_1,נת רעננה 1,industrial_monitoring,Raanana_main_industrial,MTBE,MTBE,microgr/L,µg/L,40.0,2.0,2015-06-28,<,Raanana_current_monitoring_2024,
raanana_nt_1,נת רעננה 1,industrial_monitoring,Raanana_main_industrial,OXYL,o-Xylene,microgr/L,µg/L,,0.0,2015-06-28,=,Raanana_current_monitoring_2024,
raanana_nt_1,נת רעננה 1,industrial_monitoring,Raanana_main_industrial,PXYL,p-xylene,microgr/L,µg/L,,0.0,2015-06-28,=,Raanana_current_monitoring_2024,
raanana_nt_1,נת רעננה 1,industrial_monitoring,Raanana_main_industrial,TCEY,TRICHLORO ETHYLENE,microgr/L,µg/L,7.5,607.59,2015-06-28,=,Raanana_current_monitoring_2024,
raanana_nt_1,נת רעננה 1,industrial_monitoring,Raanana_main_industrial,AS,ARSENIC AS AS,microgr/L,µg/L,10.0,0.0,2015-06-28,=,Raanana_current_monitoring_2024,
raanana_nt_1,נת רעננה 1,industrial_monitoring,Raanana_main_industrial,BA,BARIUM AS BA,microgr/L,µg/L,1000.0,48.52,2015-06-28,=,Raanana_current_monitoring_2024,
raanana_nt_1,נת רעננה 1,industrial_monitoring,Raanana_main_industrial,CD,CADMIUM AS CD,microgr/L,µg/L,5.0,0.0,2015-06-28,=,Raanana_current_monitoring_2024,
raanana_nt_1,נת רעננה 1,industrial_monitoring,Raanana_main_industrial,CR,CHROMIUM AS CR,microgr/L,µg/L,50.0,0.0,2015-06-28,=,Raanana_current_monitoring_2024,
raanana_nt_1,נת רעננה 1,industrial_monitoring,Raanana_main_industrial,CU,COPPER AS CU,microgr/L,µg/L,1400.0,2.72,2015-06-28,=,Raanana_current_monitoring_2024,
raanana_nt_1,נת רעננה 1,industrial_monitoring,Raanana_main_industrial,FE,IRON TOTAL AS FE,microgr/L,µg/L,1000.0,0.0,2015-06-28,=,Raanana_current_monitoring_2024,
raanana_nt_1,נת רעננה 1,industrial_monitoring,Raanana_main_industrial,MN,MANGANESE TOTAL AS MN,microgr/L,µg/L,200.0,5.4,2015-06-28,=,Raanana_current_monitoring_2024,
raanana_nt_1,נת רעננה 1,industrial_monitoring,Raanana_main_industrial,NI,NICKEL AS NI,microgr/L,µg/L,20.0,0.0,2015-06-28,=,Raanana_current_monitoring_2024,
raanana_nt_1,נת רעננה 1,industrial_monitoring,Raanana_main_industrial,PB,LEAD AS PB,microgr/L,µg/L,10.0,0.0,2015-06-28,=,Raanana_current_monitoring_2024,
raanana_nt_1,נת רעננה 1,industrial_monitoring,Raanana_main_industrial,ZN,ZINC AS ZN,microgr/L,µg/L,5000.0,251.81,2015-06-28,=,Raanana_current_monitoring_2024,
raanana_nt_1,נת רעננה 1,industrial_monitoring,Raanana_main_industrial,CHLF,CHLOROFORM,microgr/L,µg/L,80.0,0.0,2016-02-29,=,Raanana_current_monitoring_2024,
raanana_nt_1,נת רעננה 1,industrial_monitoring,Raanana_main_industrial,MTBE,MTBE,microgr/L,µg/L,40.0,0.0,2016-02-29,=,Raanana_current_monitoring_2024,
raanana_nt_1,נת רעננה 1,industrial_monitoring,Raanana_main_industrial,TCEY,TRICHLORO ETHYLENE,microgr/L,µg/L,7.5,485.04,2016-02-29,=,Raanana_current_monitoring_2024,
raanana_nt_1,נת רעננה 1,industrial_monitoring,Raanana_main_industrial,BA,BARIUM AS BA,microgr/L,µg/L,1000.0,39.165,2016-02-29,=,Raanana_current_monitoring_2024,
raanana_nt_1,נת רעננה 1,industrial_monitoring,Raanana_main_industrial,CR,CHROMIUM AS CR,microgr/L,µg/L,50.0,0.0,2016-02-29,=,Raanana_current_monitoring_2024,
raanana_nt_1,נת רעננה 1,industrial_monitoring,Raanana_main_industrial,FE,IRON TOTAL AS FE,microgr/L,µg/L,1000.0,0.0,2016-02-29,=,Raanana_current_monitoring_2024,
raanana_nt_1,נת רעננה 1,industrial_monitoring,Raanana_main_industrial,MN,MANGANESE TOTAL AS MN,microgr/L,µg/L,200.0,26.236,2016-02-29,=,Raanana_current_monitoring_2024,
raanana_nt_1,נת רעננה 1,industrial_monitoring,Raanana_main_industrial,ZN,ZINC AS ZN,microgr/L,µg/L,5000.0,69.879,2016-02-29,=,Raanana_current_monitoring_2024,
raanana_nt_1,נת רעננה 1,industrial_monitoring,Raanana_main_industrial,CHLF,CHLOROFORM,microgr/L,µg/L,80.0,0.0,2017-06-11,=,Raanana_current_monitoring_2024,
raanana_nt_1,נת רעננה 1,industrial_monitoring,Raanana_main_industrial,MTBE,MTBE,microgr/L,µg/L,40.0,0.0,2017-06-11,=,Raanana_current_monitoring_2024,
raanana_nt_1,נת רעננה 1,industrial_monitoring,Raanana_main_industrial,OXYL,o-Xylene,microgr/L,µg/L,,0.0,2017-06-11,=,Raanana_current_monitoring_2024,
raanana_nt_1,נת רעננה 1,industrial_monitoring,Raanana_main_industrial,TCEY,TRICHLORO ETHYLENE,microgr/L,µg/L,7.5,478.0,2017-06-11,=,Raanana_current_monitoring_2024,
raanana_nt_1,נת רעננה 1,industrial_monitoring,Raanana_main_industrial,BA,BARIUM AS BA,microgr/L,µg/L,1000.0,50.718,2017-06-11,=,Raanana_current_monitoring_2024,
raanana_nt_1,נת רעננה 1,industrial_monitoring,Raanana_main_industrial,CR,CHROMIUM AS CR,microgr/L,µg/L,50.0,0.0,2017-06-11,=,Raanana_current_monitoring_2024,
raanana_nt_1,נת רעננה 1,industrial_monitoring,Raanana_main_industrial,CU,COPPER AS CU,microgr/L,µg/L,1400.0,0.0,2017-06-11,=,Raanana_current_monitoring_2024,
raanana_nt_1,נת רעננה 1,industrial_monitoring,Raanana_main_industrial,FE,IRON TOTAL AS FE,microgr/L,µg/L,1000.0,1257.65,2017-06-11,=,Raanana_current_monitoring_2024,
raanana_nt_1,נת רעננה 1,industrial_monitoring,Raanana_main_industrial,MN,MANGANESE TOTAL AS MN,microgr/L,µg/L,200.0,43.6,2017-06-11,=,Raanana_current_monitoring_2024,
raanana_nt_1,נת רעננה 1,industrial_monitoring,Raanana_main_industrial,NI,NICKEL AS NI,microgr/L,µg/L,20.0,0.0,2017-06-11,=,Raanana_current_monitoring_2024,
raanana_nt_1,נת רעננה 1,industrial_monitoring,Raanana_main_industrial,ZN,ZINC AS ZN,microgr/L,µg/L,5000.0,0.0,2017-06-11,=,Raanana_current_monitoring_2024,
raanana_nt_1,נת רעננה 1,industrial_monitoring,Raanana_main_industrial,CHLF,CHLOROFORM,microgr/L,µg/L,80.0,0.0,2018-07-16,=,Raanana_current_monitoring_2024,
raanana_nt_1,נת רעננה 1,industrial_monitoring,Raanana_main_industrial,MTBE,MTBE,microgr/L,µg/L,40.0,0.0,2018-07-16,=,Raanana_current_monitoring_2024,
raanana_nt_1,נת רעננה 1,industrial_monitoring,Raanana_main_industrial,TCEY,TRICHLORO ETHYLENE,microgr/L,µg/L,7.5,0.0,2018-07-16,=,Raanana_current_monitoring_2024,
raanana_nt_1,נת רעננה 1,industrial_monitoring,Raanana_main_industrial,AS,ARSENIC AS AS,microgr/L,µg/L,10.0,0.0,2018-07-16,=,Raanana_current_monitoring_2024,
raanana_nt_1,נת רעננה 1,industrial_monitoring,Raanana_main_industrial,BA,BARIUM AS BA,microgr/L,µg/L,1000.0,153.141,2018-07-16,=,Raanana_current_monitoring_2024,
raanana_nt_1,נת רעננה 1,industrial_monitoring,Raanana_main_industrial,CD,CADMIUM AS CD,microgr/L,µg/L,5.0,0.0,2018-07-16,=,Raanana_current_monitoring_2024,
raanana_nt_1,נת רעננה 1,industrial_monitoring,Raanana_main_industrial,CR,CHROMIUM AS CR,microgr/L,µg/L,50.0,0.0,2018-07-16,=,Raanana_current_monitoring_2024,
raanana_nt_1,נת רעננה 1,industrial_monitoring,Raanana_main_industrial,CU,COPPER AS CU,microgr/L,µg/L,1400.0,3.613,2018-07-16,=,Raanana_current_monitoring_2024,
raanana_nt_1,נת רעננה 1,industrial_monitoring,Raanana_main_industrial,FE,IRON TOTAL AS FE,microgr/L,µg/L,1000.0,26.598,2018-07-16,=,Raanana_current_monitoring_2024,
raanana_nt_1,נת רעננה 1,industrial_monitoring,Raanana_main_industrial,MN,MANGANESE TOTAL AS MN,microgr/L,µg/L,200.0,64.746,2018-07-16,=,Raanana_current_monitoring_2024,
raanana_nt_1,נת רעננה 1,industrial_monitoring,Raanana_main_industrial,NI,NICKEL AS NI,microgr/L,µg/L,20.0,0.0,2018-07-16,=,Raanana_current_monitoring_2024,
raanana_nt_1,נת רעננה 1,industrial_monitoring,Raanana_main_industrial,PB,LEAD AS PB,microgr/L,µg/L,10.0,0.0,2018-07-16,=,Raanana_current_monitoring_2024,
raanana_nt_1,נת רעננה 1,industrial_monitoring,Raanana_main_industrial,ZN,ZINC AS ZN,microgr/L,µg/L,5000.0,26.637,2018-07-16,=,Raanana_current_monitoring_2024,
raanana_nt_1,נת רעננה 1,industrial_monitoring,Raanana_main_industrial,AS,ARSENIC AS AS,microgr/L,µg/L,10.0,0.0,2019-07-22,=,Raanana_current_monitoring_2024,
raanana_nt_1,נת רעננה 1,industrial_monitoring,Raanana_main_industrial,BA,BARIUM AS BA,microgr/L,µg/L,1000.0,38.978,2019-07-22,=,Raanana_current_monitoring_2024,
raanana_nt_1,נת רעננה 1,industrial_monitoring,Raanana_main_industrial,CD,CADMIUM AS CD,microgr/L,µg/L,5.0,0.0,2019-07-22,=,Raanana_current_monitoring_2024,
raanana_nt_1,נת רעננה 1,industrial_monitoring,Raanana_main_industrial,CHLF,CHLOROFORM,microgr/L,µg/L,80.0,0.0,2019-07-22,=,Raanana_current_monitoring_2024,
raanana_nt_1,נת רעננה 1,industrial_monitoring,Raanana_main_industrial,CR,CHROMIUM AS CR,microgr/L,µg/L,50.0,0.0,2019-07-22,=,Raanana_current_monitoring_2024,
raanana_nt_1,נת רעננה 1,industrial_monitoring,Raanana_main_industrial,CU,COPPER AS CU,microgr/L,µg/L,1400.0,2.702,2019-07-22,=,Raanana_current_monitoring_2024,
raanana_nt_1,נת רעננה 1,industrial_monitoring,Raanana_main_industrial,FE,IRON TOTAL AS FE,microgr/L,µg/L,1000.0,127.714,2019-07-22,=,Raanana_current_monitoring_2024,
raanana_nt_1,נת רעננה 1,industrial_monitoring,Raanana_main_industrial,MN,MANGANESE TOTAL AS MN,microgr/L,µg/L,200.0,78.035,2019-07-22,=,Raanana_current_monitoring_2024,
raanana_nt_1,נת רעננה 1,industrial_monitoring,Raanana_main_industrial,NI,NICKEL AS NI,microgr/L,µg/L,20.0,0.0,2019-07-22,=,Raanana_current_monitoring_2024,
raanana_nt_1,נת רעננה 1,industrial_monitoring,Raanana_main_industrial,PB,LEAD AS PB,microgr/L,µg/L,10.0,0.0,2019-07-22,=,Raanana_current_monitoring_2024,
raanana_nt_1,נת רעננה 1,industrial_monitoring,Raanana_main_industrial,SE,SELENIUM AS SE,microgr/L,µg/L,10.0,0.0,2019-07-22,=,Raanana_current_monitoring_2024,
raanana_nt_1,נת רעננה 1,industrial_monitoring,Raanana_main_industrial,TCEY,TRICHLORO ETHYLENE,microgr/L,µg/L,7.5,817.0,2019-07-22,=,Raanana_current_monitoring_2024,
raanana_nt_1,נת רעננה 1,industrial_monitoring,Raanana_main_industrial,ZN,ZINC AS ZN,microgr/L,µg/L,5000.0,56.424,2019-07-22,=,Raanana_current_monitoring_2024,
raanana_nt_1,נת רעננה 1,industrial_monitoring,Raanana_main_industrial,AS,ARSENIC AS AS,microgr/L,µg/L,10.0,0.0,2022-01-10,=,Raanana_current_monitoring_2024,
raanana_nt_1,נת רעננה 1,industrial_monitoring,Raanana_main_industrial,BA,BARIUM AS BA,microgr/L,µg/L,1000.0,14.303,2022-01-10,=,Raanana_current_monitoring_2024,
raanana_nt_1,נת רעננה 1,industrial_monitoring,Raanana_main_industrial,CD,CADMIUM AS CD,microgr/L,µg/L,5.0,0.0,2022-01-10,=,Raanana_current_monitoring_2024,
raanana_nt_1,נת רעננה 1,industrial_monitoring,Raanana_main_industrial,CHLF,CHLOROFORM,microgr/L,µg/L,80.0,0.0,2022-01-10,=,Raanana_current_monitoring_2024,
raanana_nt_1,נת רעננה 1,industrial_monitoring,Raanana_main_industrial,CR,CHROMIUM AS CR,microgr/L,µg/L,50.0,0.0,2022-01-10,=,Raanana_current_monitoring_2024,
raanana_nt_1,נת רעננה 1,industrial_monitoring,Raanana_main_industrial,CU,COPPER AS CU,microgr/L,µg/L,1400.0,2.918,2022-01-10,=,Raanana_current_monitoring_2024,
raanana_nt_1,נת רעננה 1,industrial_monitoring,Raanana_main_industrial,FE,IRON TOTAL AS FE,microgr/L,µg/L,1000.0,7.739,2022-01-10,=,Raanana_current_monitoring_2024,
raanana_nt_1,נת רעננה 1,industrial_monitoring,Raanana_main_industrial,MN,MANGANESE TOTAL AS MN,microgr/L,µg/L,200.0,0.0,2022-01-10,=,Raanana_current_monitoring_2024,
raanana_nt_1,נת רעננה 1,industrial_monitoring,Raanana_main_industrial,MTBE,MTBE,microgr/L,µg/L,40.0,0.0,2022-01-10,=,Raanana_current_monitoring_2024,
raanana_nt_1,נת רעננה 1,industrial_monitoring,Raanana_main_industrial,NI,NICKEL AS NI,microgr/L,µg/L,20.0,0.0,2022-01-10,=,Raanana_current_monitoring_2024,
raanana_nt_1,נת רעננה 1,industrial_monitoring,Raanana_main_industrial,PB,LEAD AS PB,microgr/L,µg/L,10.0,0.0,2022-01-10,=,Raanana_current_monitoring_2024,
raanana_nt_1,נת רעננה 1,industrial_monitoring,Raanana_main_industrial,SE,SELENIUM AS SE,microgr/L,µg/L,10.0,0.0,2022-01-10,=,Raanana_current_monitoring_2024,
raanana_nt_1,נת רעננה 1,industrial_monitoring,Raanana_main_industrial,TCEY,TRICHLORO ETHYLENE,microgr/L,µg/L,7.5,147.477,2022-01-10,=,Raanana_current_monitoring_2024,
raanana_nt_1,נת רעננה 1,industrial_monitoring,Raanana_main_industrial,ZN,ZINC AS ZN,microgr/L,µg/L,5000.0,10.0,2022-01-10,<,Raanana_current_monitoring_2024,
raanana_nt_1,נת רעננה 1,industrial_monitoring,Raanana_main_industrial,AS,ARSENIC AS AS,microgr/L,µg/L,10.0,0.0,2024-09-04,=,Raanana_current_monitoring_2024,
raanana_nt_1,נת רעננה 1,industrial_monitoring,Raanana_main_industrial,BA,BARIUM AS BA,microgr/L,µg/L,1000.0,140.0,2024-09-04,=,Raanana_current_monitoring_2024,
raanana_nt_1,נת רעננה 1,industrial_monitoring,Raanana_main_industrial,CD,CADMIUM AS CD,microgr/L,µg/L,5.0,0.0,2024-09-04,=,Raanana_current_monitoring_2024,
raanana_nt_1,נת רעננה 1,industrial_monitoring,Raanana_main_industrial,CR,CHROMIUM AS CR,microgr/L,µg/L,50.0,0.0,2024-09-04,=,Raanana_current_monitoring_2024,
raanana_nt_1,נת רעננה 1,industrial_monitoring,Raanana_main_industrial,CU,COPPER AS CU,microgr/L,µg/L,1400.0,0.0,2024-09-04,=,Raanana_current_monitoring_2024,
raanana_nt_1,נת רעננה 1,industrial_monitoring,Raanana_main_industrial,FE,IRON TOTAL AS FE,microgr/L,µg/L,1000.0,68.8,2024-09-04,=,Raanana_current_monitoring_2024,
raanana_nt_1,נת רעננה 1,industrial_monitoring,Raanana_main_industrial,MN,MANGANESE TOTAL AS MN,microgr/L,µg/L,200.0,50.0,2024-09-04,<,Raanana_current_monitoring_2024,
raanana_nt_1,נת רעננה 1,industrial_monitoring,Raanana_main_industrial,NI,NICKEL AS NI,microgr/L,µg/L,20.0,0.0,2024-09-04,=,Raanana_current_monitoring_2024,
raanana_nt_1,נת רעננה 1,industrial_monitoring,Raanana_main_industrial,PB,LEAD AS PB,microgr/L,µg/L,10.0,0.0,2024-09-04,=,Raanana_current_monitoring_2024,
raanana_nt_1,נת רעננה 1,industrial_monitoring,Raanana_main_industrial,SE,SELENIUM AS SE,microgr/L,µg/L,10.0,0.0,2024-09-04,=,Raanana_current_monitoring_2024,
raanana_nt_1,נת רעננה 1,industrial_monitoring,Raanana_main_industrial,ZN,ZINC AS ZN,microgr/L,µg/L,5000.0,10.0,2024-09-04,<,Raanana_current_monitoring_2024,
raanana_nt_1,נת רעננה 1,industrial_monitoring,Raanana_main_industrial,AS,ARSENIC AS AS,microgr/L,µg/L,10.0,0.0,2025-07-29,=,Raanana_current_monitoring_2024,
raanana_nt_1,נת רעננה 1,industrial_monitoring,Raanana_main_industrial,BA,BARIUM AS BA,microgr/L,µg/L,1000.0,138.0,2025-07-29,=,Raanana_current_monitoring_2024,
raanana_nt_1,נת רעננה 1,industrial_monitoring,Raanana_main_industrial,CD,CADMIUM AS CD,microgr/L,µg/L,5.0,0.0,2025-07-29,=,Raanana_current_monitoring_2024,
raanana_nt_1,נת רעננה 1,industrial_monitoring,Raanana_main_industrial,CHLF,CHLOROFORM,microgr/L,µg/L,80.0,1.0,2025-07-29,<,Raanana_current_monitoring_2024,
raanana_nt_1,נת רעננה 1,industrial_monitoring,Raanana_main_industrial,CR,CHROMIUM AS CR,microgr/L,µg/L,50.0,0.0,2025-07-29,=,Raanana_current_monitoring_2024,
raanana_nt_1,נת רעננה 1,industrial_monitoring,Raanana_main_industrial,CU,COPPER AS CU,microgr/L,µg/L,1400.0,0.0,2025-07-29,=,Raanana_current_monitoring_2024,
raanana_nt_1,נת רעננה 1,industrial_monitoring,Raanana_main_industrial,FE,IRON TOTAL AS FE,microgr/L,µg/L,1000.0,50.0,2025-07-29,<,Raanana_current_monitoring_2024,
raanana_nt_1,נת רעננה 1,industrial_monitoring,Raanana_main_industrial,MN,MANGANESE TOTAL AS MN,microgr/L,µg/L,200.0,50.0,2025-07-29,<,Raanana_current_monitoring_2024,
raanana_nt_1,נת רעננה 1,industrial_monitoring,Raanana_main_industrial,MTBE,MTBE,microgr/L,µg/L,40.0,1.48,2025-07-29,=,Raanana_current_monitoring_2024,
raanana_nt_1,נת רעננה 1,industrial_monitoring,Raanana_main_industrial,NI,NICKEL AS NI,microgr/L,µg/L,20.0,0.0,2025-07-29,=,Raanana_current_monitoring_2024,
raanana_nt_1,נת רעננה 1,industrial_monitoring,Raanana_main_industrial,PB,LEAD AS PB,microgr/L,µg/L,10.0,0.0,2025-07-29,=,Raanana_current_monitoring_2024,
raanana_nt_1,נת רעננה 1,industrial_monitoring,Raanana_main_industrial,SE,SELENIUM AS SE,microgr/L,µg/L,10.0,0.0,2025-07-29,=,Raanana_current_monitoring_2024,
raanana_nt_1,נת רעננה 1,industrial_monitoring,Raanana_main_industrial,TCEY,TRICHLORO ETHYLENE,microgr/L,µg/L,7.5,94.79,2025-07-29,=,Raanana_current_monitoring_2024,
raanana_nt_1,נת רעננה 1,industrial_monitoring,Raanana_main_industrial,ZN,ZINC AS ZN,microgr/L,µg/L,5000.0,50.0,2025-07-29,<,Raanana_current_monitoring_2024,
raanana_nt_2,נת רעננה 2,industrial_monitoring,Raanana_main_industrial,CHLF,CHLOROFORM,microgr/L,µg/L,80.0,0.0,2012-06-25,=,Raanana_current_monitoring_2024,
raanana_nt_2,נת רעננה 2,industrial_monitoring,Raanana_main_industrial,MTBE,MTBE,microgr/L,µg/L,40.0,0.0,2012-06-25,=,Raanana_current_monitoring_2024,
raanana_nt_2,נת רעננה 2,industrial_monitoring,Raanana_main_industrial,OXYL,o-Xylene,microgr/L,µg/L,,0.0,2012-06-25,=,Raanana_current_monitoring_2024,
raanana_nt_2,נת רעננה 2,industrial_monitoring,Raanana_main_industrial,PXYL,p-xylene,microgr/L,µg/L,,0.0,2012-06-25,=,Raanana_current_monitoring_2024,
raanana_nt_2,נת רעננה 2,industrial_monitoring,Raanana_main_industrial,TCEY,TRICHLORO ETHYLENE,microgr/L,µg/L,7.5,0.0,2012-06-25,=,Raanana_current_monitoring_2024,
raanana_nt_2,נת רעננה 2,industrial_monitoring,Raanana_main_industrial,AS,ARSENIC AS AS,microgr/L,µg/L,10.0,0.0,2012-06-25,=,Raanana_current_monitoring_2024,
raanana_nt_2,נת רעננה 2,industrial_monitoring,Raanana_main_industrial,BA,BARIUM AS BA,microgr/L,µg/L,1000.0,0.0,2012-06-25,=,Raanana_current_monitoring_2024,
raanana_nt_2,נת רעננה 2,industrial_monitoring,Raanana_main_industrial,CD,CADMIUM AS CD,microgr/L,µg/L,5.0,0.0,2012-06-25,=,Raanana_current_monitoring_2024,
raanana_nt_2,נת רעננה 2,industrial_monitoring,Raanana_main_industrial,CR,CHROMIUM AS CR,microgr/L,µg/L,50.0,53.2,2012-06-25,=,Raanana_current_monitoring_2024,
raanana_nt_2,נת רעננה 2,industrial_monitoring,Raanana_main_industrial,CU,COPPER AS CU,microgr/L,µg/L,1400.0,21.7,2012-06-25,=,Raanana_current_monitoring_2024,
raanana_nt_2,נת רעננה 2,industrial_monitoring,Raanana_main_industrial,FE++,FERROUS IRON DISSOLVED AS FE,microgr/L,µg/L,,147.0,2012-06-25,=,Raanana_current_monitoring_2024,
raanana_nt_2,נת רעננה 2,industrial_monitoring,Raanana_main_industrial,MN,MANGANESE TOTAL AS MN,microgr/L,µg/L,200.0,8.2,2012-06-25,=,Raanana_current_monitoring_2024,
raanana_nt_2,נת רעננה 2,industrial_monitoring,Raanana_main_industrial,NI,NICKEL AS NI,microgr/L,µg/L,20.0,9.4,2012-06-25,=,Raanana_current_monitoring_2024,
raanana_nt_2,נת רעננה 2,industrial_monitoring,Raanana_main_industrial,PB,LEAD AS PB,microgr/L,µg/L,10.0,0.0,2012-06-25,=,Raanana_current_monitoring_2024,
raanana_nt_2,נת רעננה 2,industrial_monitoring,Raanana_main_industrial,CHLF,CHLOROFORM,microgr/L,µg/L,80.0,0.0,2012-08-06,=,Raanana_current_monitoring_2024,
raanana_nt_2,נת רעננה 2,industrial_monitoring,Raanana_main_industrial,MTBE,MTBE,microgr/L,µg/L,40.0,3.17,2012-08-06,=,Raanana_current_monitoring_2024,
raanana_nt_2,נת רעננה 2,industrial_monitoring,Raanana_main_industrial,OXYL,o-Xylene,microgr/L,µg/L,,0.0,2012-08-06,=,Raanana_current_monitoring_2024,
raanana_nt_2,נת רעננה 2,industrial_monitoring,Raanana_main_industrial,PXYL,p-xylene,microgr/L,µg/L,,0.0,2012-08-06,=,Raanana_current_monitoring_2024,
raanana_nt_2,נת רעננה 2,industrial_monitoring,Raanana_main_industrial,TCEY,TRICHLORO ETHYLENE,microgr/L,µg/L,7.5,0.0,2012-08-06,=,Raanana_current_monitoring_2024,
raanana_nt_2,נת רעננה 2,industrial_monitoring,Raanana_main_industrial,AS,ARSENIC AS AS,microgr/L,µg/L,10.0,0.0,2014-10-30,=,Raanana_current_monitoring_2024,
raanana_nt_2,נת רעננה 2,industrial_monitoring,Raanana_main_industrial,CD,CADMIUM AS CD,microgr/L,µg/L,5.0,0.0,2014-10-30,=,Raanana_current_monitoring_2024,
raanana_nt_2,נת רעננה 2,industrial_monitoring,Raanana_main_industrial,CR,CHROMIUM AS CR,microgr/L,µg/L,50.0,54.4,2014-10-30,=,Raanana_current_monitoring_2024,
raanana_nt_2,נת רעננה 2,industrial_monitoring,Raanana_main_industrial,CU,COPPER AS CU,microgr/L,µg/L,1400.0,22.2,2014-10-30,=,Raanana_current_monitoring_2024,
raanana_nt_2,נת רעננה 2,industrial_monitoring,Raanana_main_industrial,FE,IRON TOTAL AS FE,microgr/L,µg/L,1000.0,125.0,2014-10-30,=,Raanana_current_monitoring_2024,
raanana_nt_2,נת רעננה 2,industrial_monitoring,Raanana_main_industrial,MN,MANGANESE TOTAL AS MN,microgr/L,µg/L,200.0,7.3,2014-10-30,=,Raanana_current_monitoring_2024,
raanana_nt_2,נת רעננה 2,industrial_monitoring,Raanana_main_industrial,NI,NICKEL AS NI,microgr/L,µg/L,20.0,11.4,2014-10-30,=,Raanana_current_monitoring_2024,
raanana_nt_2,נת רעננה 2,industrial_monitoring,Raanana_main_industrial,PB,LEAD AS PB,microgr/L,µg/L,10.0,0.0,2014-10-30,=,Raanana_current_monitoring_2024,
raanana_nt_2,נת רעננה 2,industrial_monitoring,Raanana_main_industrial,CHLF,CHLOROFORM,microgr/L,µg/L,80.0,0.0,2015-06-28,=,Raanana_current_monitoring_2024,
raanana_nt_2,נת רעננה 2,industrial_monitoring,Raanana_main_industrial,MTBE,MTBE,microgr/L,µg/L,40.0,0.0,2015-06-28,=,Raanana_current_monitoring_2024,
raanana_nt_2,נת רעננה 2,industrial_monitoring,Raanana_main_industrial,OXYL,o-Xylene,microgr/L,µg/L,,0.0,2015-06-28,=,Raanana_current_monitoring_2024,
raanana_nt_2,נת רעננה 2,industrial_monitoring,Raanana_main_industrial,PXYL,p-xylene,microgr/L,µg/L,,0.0,2015-06-28,=,Raanana_current_monitoring_2024,
raanana_nt_2,נת רעננה 2,industrial_monitoring,Raanana_main_industrial,TCEY,TRICHLORO ETHYLENE,microgr/L,µg/L,7.5,24.02,2015-06-28,=,Raanana_current_monitoring_2024,
raanana_nt_2,נת רעננה 2,industrial_monitoring,Raanana_main_industrial,AS,ARSENIC AS AS,microgr/L,µg/L,10.0,0.0,2015-06-28,=,Raanana_current_monitoring_2024,
raanana_nt_2,נת רעננה 2,industrial_monitoring,Raanana_main_industrial,BA,BARIUM AS BA,microgr/L,µg/L,1000.0,49.3,2015-06-28,=,Raanana_current_monitoring_2024,
raanana_nt_2,נת רעננה 2,industrial_monitoring,Raanana_main_industrial,CD,CADMIUM AS CD,microgr/L,µg/L,5.0,0.0,2015-06-28,=,Raanana_current_monitoring_2024,
raanana_nt_2,נת רעננה 2,industrial_monitoring,Raanana_main_industrial,CR,CHROMIUM AS CR,microgr/L,µg/L,50.0,0.0,2015-06-28,=,Raanana_current_monitoring_2024,
raanana_nt_2,נת רעננה 2,industrial_monitoring,Raanana_main_industrial,CU,COPPER AS CU,microgr/L,µg/L,1400.0,3.1,2015-06-28,=,Raanana_current_monitoring_2024,
raanana_nt_2,נת רעננה 2,industrial_monitoring,Raanana_main_industrial,FE,IRON TOTAL AS FE,microgr/L,µg/L,1000.0,0.0,2015-06-28,=,Raanana_current_monitoring_2024,
raanana_nt_2,נת רעננה 2,industrial_monitoring,Raanana_main_industrial,MN,MANGANESE TOTAL AS MN,microgr/L,µg/L,200.0,5.15,2015-06-28,=,Raanana_current_monitoring_2024,
raanana_nt_2,נת רעננה 2,industrial_monitoring,Raanana_main_industrial,NI,NICKEL AS NI,microgr/L,µg/L,20.0,0.0,2015-06-28,=,Raanana_current_monitoring_2024,
raanana_nt_2,נת רעננה 2,industrial_monitoring,Raanana_main_industrial,PB,LEAD AS PB,microgr/L,µg/L,10.0,0.0,2015-06-28,=,Raanana_current_monitoring_2024,
raanana_nt_2,נת רעננה 2,industrial_monitoring,Raanana_main_industrial,ZN,ZINC AS ZN,microgr/L,µg/L,5000.0,162.96,2015-06-28,=,Raanana_current_monitoring_2024,
raanana_nt_2,נת רעננה 2,industrial_monitoring,Raanana_main_industrial,CHLF,CHLOROFORM,microgr/L,µg/L,80.0,0.0,2016-02-29,=,Raanana_current_monitoring_2024,
raanana_nt_2,נת רעננה 2,industrial_monitoring,Raanana_main_industrial,MTBE,MTBE,microgr/L,µg/L,40.0,0.0,2016-02-29,=,Raanana_current_monitoring_2024,
raanana_nt_2,נת רעננה 2,industrial_monitoring,Raanana_main_industrial,TCEY,TRICHLORO ETHYLENE,microgr/L,µg/L,7.5,6.21,2016-02-29,=,Raanana_current_monitoring_2024,
raanana_nt_2,נת רעננה 2,industrial_monitoring,Raanana_main_industrial,BA,BARIUM AS BA,microgr/L,µg/L,1000.0,112.973,2016-02-29,=,Raanana_current_monitoring_2024,
raanana_nt_2,נת רעננה 2,industrial_monitoring,Raanana_main_industrial,CR,CHROMIUM AS CR,microgr/L,µg/L,50.0,0.0,2016-02-29,=,Raanana_current_monitoring_2024,
raanana_nt_2,נת רעננה 2,industrial_monitoring,Raanana_main_industrial,FE,IRON TOTAL AS FE,microgr/L,µg/L,1000.0,0.0,2016-02-29,=,Raanana_current_monitoring_2024,
raanana_nt_2,נת רעננה 2,industrial_monitoring,Raanana_main_industrial,MN,MANGANESE TOTAL AS MN,microgr/L,µg/L,200.0,56.236,2016-02-29,=,Raanana_current_monitoring_2024,
raanana_nt_2,נת רעננה 2,industrial_monitoring,Raanana_main_industrial,ZN,ZINC AS ZN,microgr/L,µg/L,5000.0,47.122,2016-02-29,=,Raanana_current_monitoring_2024,
raanana_nt_2,נת רעננה 2,industrial_monitoring,Raanana_main_industrial,CHLF,CHLOROFORM,microgr/L,µg/L,80.0,0.0,2017-06-11,=,Raanana_current_monitoring_2024,
raanana_nt_2,נת רעננה 2,industrial_monitoring,Raanana_main_industrial,MTBE,MTBE,microgr/L,µg/L,40.0,3.84,2017-06-11,=,Raanana_current_monitoring_2024,
raanana_nt_2,נת רעננה 2,industrial_monitoring,Raanana_main_industrial,OXYL,o-Xylene,microgr/L,µg/L,,0.0,2017-06-11,=,Raanana_current_monitoring_2024,
raanana_nt_2,נת רעננה 2,industrial_monitoring,Raanana_main_industrial,TCEY,TRICHLORO ETHYLENE,microgr/L,µg/L,7.5,5.13,2017-06-11,=,Raanana_current_monitoring_2024,
raanana_nt_2,נת רעננה 2,industrial_monitoring,Raanana_main_industrial,BA,BARIUM AS BA,microgr/L,µg/L,1000.0,109.248,2017-06-11,=,Raanana_current_monitoring_2024,
raanana_nt_2,נת רעננה 2,industrial_monitoring,Raanana_main_industrial,CR,CHROMIUM AS CR,microgr/L,µg/L,50.0,3.322,2017-06-11,=,Raanana_current_monitoring_2024,
raanana_nt_2,נת רעננה 2,industrial_monitoring,Raanana_main_industrial,CU,COPPER AS CU,microgr/L,µg/L,1400.0,0.0,2017-06-11,=,Raanana_current_monitoring_2024,
raanana_nt_2,נת רעננה 2,industrial_monitoring,Raanana_main_industrial,FE,IRON TOTAL AS FE,microgr/L,µg/L,1000.0,6.7,2017-06-11,=,Raanana_current_monitoring_2024,
raanana_nt_2,נת רעננה 2,industrial_monitoring,Raanana_main_industrial,MN,MANGANESE TOTAL AS MN,microgr/L,µg/L,200.0,4.8,2017-06-11,=,Raanana_current_monitoring_2024,
raanana_nt_2,נת רעננה 2,industrial_monitoring,Raanana_main_industrial,NI,NICKEL AS NI,microgr/L,µg/L,20.0,0.0,2017-06-11,=,Raanana_current_monitoring_2024,
raanana_nt_2,נת רעננה 2,industrial_monitoring,Raanana_main_industrial,ZN,ZINC AS ZN,microgr/L,µg/L,5000.0,0.0,2017-06-11,=,Raanana_current_monitoring_2024,
raanana_nt_2,נת רעננה 2,industrial_monitoring,Raanana_main_industrial,CHLF,CHLOROFORM,microgr/L,µg/L,80.0,0.0,2018-07-16,=,Raanana_current_monitoring_2024,
raanana_nt_2,נת רעננה 2,industrial_monitoring,Raanana_main_industrial,MTBE,MTBE,microgr/L,µg/L,40.0,0.0,2018-07-16,=,Raanana_current_monitoring_2024,
raanana_nt_2,נת רעננה 2,industrial_monitoring,Raanana_main_industrial,TCEY,TRICHLORO ETHYLENE,microgr/L,µg/L,7.5,2.4,2018-07-16,=,Raanana_current_monitoring_2024,
raanana_nt_2,נת רעננה 2,industrial_monitoring,Raanana_main_industrial,AS,ARSENIC AS AS,microgr/L,µg/L,10.0,0.0,2018-07-16,=,Raanana_current_monitoring_2024,
raanana_nt_2,נת רעננה 2,industrial_monitoring,Raanana_main_industrial,BA,BARIUM AS BA,microgr/L,µg/L,1000.0,98.559,2018-07-16,=,Raanana_current_monitoring_2024,
raanana_nt_2,נת רעננה 2,industrial_monitoring,Raanana_main_industrial,CD,CADMIUM AS CD,microgr/L,µg/L,5.0,0.0,2018-07-16,=,Raanana_current_monitoring_2024,
raanana_nt_2,נת רעננה 2,industrial_monitoring,Raanana_main_industrial,CR,CHROMIUM AS CR,microgr/L,µg/L,50.0,5.792,2018-07-16,=,Raanana_current_monitoring_2024,
raanana_nt_2,נת רעננה 2,industrial_monitoring,Raanana_main_industrial,CU,COPPER AS CU,microgr/L,µg/L,1400.0,3.207,2018-07-16,=,Raanana_current_monitoring_2024,
raanana_nt_2,נת רעננה 2,industrial_monitoring,Raanana_main_industrial,FE,IRON TOTAL AS FE,microgr/L,µg/L,1000.0,69.383,2018-07-16,=,Raanana_current_monitoring_2024,
raanana_nt_2,נת רעננה 2,industrial_monitoring,Raanana_main_industrial,MN,MANGANESE TOTAL AS MN,microgr/L,µg/L,200.0,9.948,2018-07-16,=,Raanana_current_monitoring_2024,
raanana_nt_2,נת רעננה 2,industrial_monitoring,Raanana_main_industrial,NI,NICKEL AS NI,microgr/L,µg/L,20.0,24.402,2018-07-16,=,Raanana_current_monitoring_2024,
raanana_nt_2,נת רעננה 2,industrial_monitoring,Raanana_main_industrial,PB,LEAD AS PB,microgr/L,µg/L,10.0,0.0,2018-07-16,=,Raanana_current_monitoring_2024,
raanana_nt_2,נת רעננה 2,industrial_monitoring,Raanana_main_industrial,ZN,ZINC AS ZN,microgr/L,µg/L,5000.0,12.652,2018-07-16,=,Raanana_current_monitoring_2024,
raanana_nt_2,נת רעננה 2,industrial_monitoring,Raanana_main_industrial,AS,ARSENIC AS AS,microgr/L,µg/L,10.0,0.0,2019-07-22,=,Raanana_current_monitoring_2024,
raanana_nt_2,נת רעננה 2,industrial_monitoring,Raanana_main_industrial,BA,BARIUM AS BA,microgr/L,µg/L,1000.0,91.762,2019-07-22,=,Raanana_current_monitoring_2024,
raanana_nt_2,נת רעננה 2,industrial_monitoring,Raanana_main_industrial,CD,CADMIUM AS CD,microgr/L,µg/L,5.0,0.0,2019-07-22,=,Raanana_current_monitoring_2024,
raanana_nt_2,נת רעננה 2,industrial_monitoring,Raanana_main_industrial,CHLF,CHLOROFORM,microgr/L,µg/L,80.0,1.64,2019-07-22,=,Raanana_current_monitoring_2024,
raanana_nt_2,נת רעננה 2,industrial_monitoring,Raanana_main_industrial,CR,CHROMIUM AS CR,microgr/L,µg/L,50.0,0.0,2019-07-22,=,Raanana_current_monitoring_2024,
raanana_nt_2,נת רעננה 2,industrial_monitoring,Raanana_main_industrial,CU,COPPER AS CU,microgr/L,µg/L,1400.0,5.646,2019-07-22,=,Raanana_current_monitoring_2024,
raanana_nt_2,נת רעננה 2,industrial_monitoring,Raanana_main_industrial,FE,IRON TOTAL AS FE,microgr/L,µg/L,1000.0,10.719,2019-07-22,=,Raanana_current_monitoring_2024,
raanana_nt_2,נת רעננה 2,industrial_monitoring,Raanana_main_industrial,MN,MANGANESE TOTAL AS MN,microgr/L,µg/L,200.0,14.988,2019-07-22,=,Raanana_current_monitoring_2024,
raanana_nt_2,נת רעננה 2,industrial_monitoring,Raanana_main_industrial,NI,NICKEL AS NI,microgr/L,µg/L,20.0,0.0,2019-07-22,=,Raanana_current_monitoring_2024,
raanana_nt_2,נת רעננה 2,industrial_monitoring,Raanana_main_industrial,PB,LEAD AS PB,microgr/L,µg/L,10.0,0.0,2019-07-22,=,Raanana_current_monitoring_2024,
raanana_nt_2,נת רעננה 2,industrial_monitoring,Raanana_main_industrial,SE,SELENIUM AS SE,microgr/L,µg/L,10.0,0.0,2019-07-22,=,Raanana_current_monitoring_2024,
raanana_nt_2,נת רעננה 2,industrial_monitoring,Raanana_main_industrial,TCEY,TRICHLORO ETHYLENE,microgr/L,µg/L,7.5,13.04,2019-07-22,=,Raanana_current_monitoring_2024,
raanana_nt_2,נת רעננה 2,industrial_monitoring,Raanana_main_industrial,ZN,ZINC AS ZN,microgr/L,µg/L,5000.0,1478.14,2019-07-22,=,Raanana_current_monitoring_2024,
raanana_nt_2,נת רעננה 2,industrial_monitoring,Raanana_main_industrial,AS,ARSENIC AS AS,microgr/L,µg/L,10.0,0.0,2022-01-10,=,Raanana_current_monitoring_2024,
raanana_nt_2,נת רעננה 2,industrial_monitoring,Raanana_main_industrial,BA,BARIUM AS BA,microgr/L,µg/L,1000.0,83.048,2022-01-10,=,Raanana_current_monitoring_2024,
raanana_nt_2,נת רעננה 2,industrial_monitoring,Raanana_main_industrial,CD,CADMIUM AS CD,microgr/L,µg/L,5.0,0.0,2022-01-10,=,Raanana_current_monitoring_2024,
raanana_nt_2,נת רעננה 2,industrial_monitoring,Raanana_main_industrial,CHLF,CHLOROFORM,microgr/L,µg/L,80.0,1.0,2022-01-10,<,Raanana_current_monitoring_2024,
raanana_nt_2,נת רעננה 2,industrial_monitoring,Raanana_main_industrial,CR,CHROMIUM AS CR,microgr/L,µg/L,50.0,0.0,2022-01-10,=,Raanana_current_monitoring_2024,
raanana_nt_2,נת רעננה 2,industrial_monitoring,Raanana_main_industrial,CU,COPPER AS CU,microgr/L,µg/L,1400.0,2.5,2022-01-10,<,Raanana_current_monitoring_2024,
raanana_nt_2,נת רעננה 2,industrial_monitoring,Raanana_main_industrial,FE,IRON TOTAL AS FE,microgr/L,µg/L,1000.0,16.304,2022-01-10,=,Raanana_current_monitoring_2024,
raanana_nt_2,נת רעננה 2,industrial_monitoring,Raanana_main_industrial,MN,MANGANESE TOTAL AS MN,microgr/L,µg/L,200.0,15.25,2022-01-10,=,Raanana_current_monitoring_2024,
raanana_nt_2,נת רעננה 2,industrial_monitoring,Raanana_main_industrial,MTBE,MTBE,microgr/L,µg/L,40.0,0.0,2022-01-10,=,Raanana_current_monitoring_2024,
raanana_nt_2,נת רעננה 2,industrial_monitoring,Raanana_main_industrial,NI,NICKEL AS NI,microgr/L,µg/L,20.0,0.0,2022-01-10,=,Raanana_current_monitoring_2024,
raanana_nt_2,נת רעננה 2,industrial_monitoring,Raanana_main_industrial,PB,LEAD AS PB,microgr/L,µg/L,10.0,0.0,2022-01-10,=,Raanana_current_monitoring_2024,
raanana_nt_2,נת רעננה 2,industrial_monitoring,Raanana_main_industrial,SE,SELENIUM AS SE,microgr/L,µg/L,10.0,0.0,2022-01-10,=,Raanana_current_monitoring_2024,
raanana_nt_2,נת רעננה 2,industrial_monitoring,Raanana_main_industrial,TCEY,TRICHLORO ETHYLENE,microgr/L,µg/L,7.5,2.144,2022-01-10,=,Raanana_current_monitoring_2024,
raanana_nt_2,נת רעננה 2,industrial_monitoring,Raanana_main_industrial,ZN,ZINC AS ZN,microgr/L,µg/L,5000.0,832.873,2022-01-10,=,Raanana_current_monitoring_2024,
raanana_nt_2,נת רעננה 2,industrial_monitoring,Raanana_main_industrial,AS,ARSENIC AS AS,microgr/L,µg/L,10.0,0.0,2024-09-03,=,Raanana_current_monitoring_2024,
raanana_nt_2,נת רעננה 2,industrial_monitoring,Raanana_main_industrial,BA,BARIUM AS BA,microgr/L,µg/L,1000.0,110.0,2024-09-03,=,Raanana_current_monitoring_2024,
raanana_nt_2,נת רעננה 2,industrial_monitoring,Raanana_main_industrial,CD,CADMIUM AS CD,microgr/L,µg/L,5.0,0.0,2024-09-03,=,Raanana_current_monitoring_2024,
raanana_nt_2,נת רעננה 2,industrial_monitoring,Raanana_main_industrial,CR,CHROMIUM AS CR,microgr/L,µg/L,50.0,0.0,2024-09-03,=,Raanana_current_monitoring_2024,
raanana_nt_2,נת רעננה 2,industrial_monitoring,Raanana_main_industrial,CU,COPPER AS CU,microgr/L,µg/L,1400.0,0.0,2024-09-03,=,Raanana_current_monitoring_2024,
raanana_nt_2,נת רעננה 2,industrial_monitoring,Raanana_main_industrial,FE,IRON TOTAL AS FE,microgr/L,µg/L,1000.0,0.0,2024-09-03,=,Raanana_current_monitoring_2024,
raanana_nt_2,נת רעננה 2,industrial_monitoring,Raanana_main_industrial,MN,MANGANESE TOTAL AS MN,microgr/L,µg/L,200.0,0.0,2024-09-03,=,Raanana_current_monitoring_2024,
raanana_nt_2,נת רעננה 2,industrial_monitoring,Raanana_main_industrial,NI,NICKEL AS NI,microgr/L,µg/L,20.0,0.0,2024-09-03,=,Raanana_current_monitoring_2024,
raanana_nt_2,נת רעננה 2,industrial_monitoring,Raanana_main_industrial,PB,LEAD AS PB,microgr/L,µg/L,10.0,0.0,2024-09-03,=,Raanana_current_monitoring_2024,
raanana_nt_2,נת רעננה 2,industrial_monitoring,Raanana_main_industrial,SE,SELENIUM AS SE,microgr/L,µg/L,10.0,0.0,2024-09-03,=,Raanana_current_monitoring_2024,
raanana_nt_2,נת רעננה 2,industrial_monitoring,Raanana_main_industrial,ZN,ZINC AS ZN,microgr/L,µg/L,5000.0,10.0,2024-09-03,<,Raanana_current_monitoring_2024,
raanana_nt_2,נת רעננה 2,industrial_monitoring,Raanana_main_industrial,AS,ARSENIC AS AS,microgr/L,µg/L,10.0,0.0,2025-07-29,=,Raanana_current_monitoring_2024,
raanana_nt_2,נת רעננה 2,industrial_monitoring,Raanana_main_industrial,BA,BARIUM AS BA,microgr/L,µg/L,1000.0,120.0,2025-07-29,=,Raanana_current_monitoring_2024,
raanana_nt_2,נת רעננה 2,industrial_monitoring,Raanana_main_industrial,CD,CADMIUM AS CD,microgr/L,µg/L,5.0,0.0,2025-07-29,=,Raanana_current_monitoring_2024,
raanana_nt_2,נת רעננה 2,industrial_monitoring,Raanana_main_industrial,CHLF,CHLOROFORM,microgr/L,µg/L,80.0,2.96,2025-07-29,=,Raanana_current_monitoring_2024,
raanana_nt_2,נת רעננה 2,industrial_monitoring,Raanana_main_industrial,CR,CHROMIUM AS CR,microgr/L,µg/L,50.0,0.0,2025-07-29,=,Raanana_current_monitoring_2024,
raanana_nt_2,נת רעננה 2,industrial_monitoring,Raanana_main_industrial,CU,COPPER AS CU,microgr/L,µg/L,1400.0,0.0,2025-07-29,=,Raanana_current_monitoring_2024,
raanana_nt_2,נת רעננה 2,industrial_monitoring,Raanana_main_industrial,FE,IRON TOTAL AS FE,microgr/L,µg/L,1000.0,0.0,2025-07-29,=,Raanana_current_monitoring_2024,
raanana_nt_2,נת רעננה 2,industrial_monitoring,Raanana_main_industrial,MN,MANGANESE TOTAL AS MN,microgr/L,µg/L,200.0,0.0,2025-07-29,=,Raanana_current_monitoring_2024,
raanana_nt_2,נת רעננה 2,industrial_monitoring,Raanana_main_industrial,MTBE,MTBE,microgr/L,µg/L,40.0,0.0,2025-07-29,=,Raanana_current_monitoring_2024,
raanana_nt_2,נת רעננה 2,industrial_monitoring,Raanana_main_industrial,NI,NICKEL AS NI,microgr/L,µg/L,20.0,0.0,2025-07-29,=,Raanana_current_monitoring_2024,
raanana_nt_2,נת רעננה 2,industrial_monitoring,Raanana_main_industrial,PB,LEAD AS PB,microgr/L,µg/L,10.0,0.0,2025-07-29,=,Raanana_current_monitoring_2024,
raanana_nt_2,נת רעננה 2,industrial_monitoring,Raanana_main_industrial,SE,SELENIUM AS SE,microgr/L,µg/L,10.0,0.0,2025-07-29,=,Raanana_current_monitoring_2024,
raanana_nt_2,נת רעננה 2,industrial_monitoring,Raanana_main_industrial,TCEY,TRICHLORO ETHYLENE,microgr/L,µg/L,7.5,4.06,2025-07-29,=,Raanana_current_monitoring_2024,
raanana_nt_2,נת רעננה 2,industrial_monitoring,Raanana_main_industrial,ZN,ZINC AS ZN,microgr/L,µg/L,5000.0,0.0,2025-07-29,=,Raanana_current_monitoring_2024,
raanana_nd_paz_hanofer,נד פז הנופר,fuel_monitoring,Raanana_main_industrial,MTBE,MTBE,microgr/L,µg/L,40.0,0.0,2011-03-02,=,Raanana_current_monitoring_2024,
raanana_nd_paz_hanofer,נד פז הנופר,fuel_monitoring,Raanana_main_industrial,MTBE,MTBE,microgr/L,µg/L,40.0,0.0,2011-09-06,=,Raanana_current_monitoring_2024,
raanana_nd_paz_hanofer,נד פז הנופר,fuel_monitoring,Raanana_main_industrial,MTBE,MTBE,microgr/L,µg/L,40.0,3.0,2012-04-24,=,Raanana_current_monitoring_2024,
raanana_nd_paz_hanofer,נד פז הנופר,fuel_monitoring,Raanana_main_industrial,MTBE,MTBE,microgr/L,µg/L,40.0,40.0,2013-04-14,=,Raanana_current_monitoring_2024,
raanana_nd_paz_hanofer,נד פז הנופר,fuel_monitoring,Raanana_main_industrial,MTBE,MTBE,microgr/L,µg/L,40.0,0.0,2014-04-27,=,Raanana_current_monitoring_2024,
raanana_nd_paz_hanofer,נד פז הנופר,fuel_monitoring,Raanana_main_industrial,MTBE,MTBE,microgr/L,µg/L,40.0,0.0,2015-05-17,=,Raanana_current_monitoring_2024,
raanana_nd_paz_hanofer,נד פז הנופר,fuel_monitoring,Raanana_main_industrial,MTBE,MTBE,microgr/L,µg/L,40.0,9.0,2016-05-25,=,Raanana_current_monitoring_2024,
raanana_nd_paz_hanofer,נד פז הנופר,fuel_monitoring,Raanana_main_industrial,MTBE,MTBE,microgr/L,µg/L,40.0,0.0,2017-06-04,=,Raanana_current_monitoring_2024,
raanana_nd_paz_hanofer,נד פז הנופר,fuel_monitoring,Raanana_main_industrial,MTBE,MTBE,microgr/L,µg/L,40.0,0.0,2018-05-21,=,Raanana_current_monitoring_2024,
raanana_nd_paz_hanofer,נד פז הנופר,fuel_monitoring,Raanana_main_industrial,MTBE,MTBE,microgr/L,µg/L,40.0,10.0,2019-10-23,=,Raanana_current_monitoring_2024,
raanana_nd_paz_hanofer,נד פז הנופר,fuel_monitoring,Raanana_main_industrial,MTBE,MTBE,microgr/L,µg/L,40.0,20.0,2021-11-01,=,Raanana_current_monitoring_2024,
raanana_nd_paz_hanofer,נד פז הנופר,fuel_monitoring,Raanana_main_industrial,MTBE,MTBE,microgr/L,µg/L,40.0,4.0,2022-10-23,<,Raanana_current_monitoring_2024,
raanana_nd_paz_hanofer,נד פז הנופר,fuel_monitoring,Raanana_main_industrial,MTBE,MTBE,microgr/L,µg/L,40.0,0.004,2023-10-22,<,Raanana_current_monitoring_2024,
raanana_nd_paz_hanofer,נד פז הנופר,fuel_monitoring,Raanana_main_industrial,MTBE,MTBE,microgr/L,µg/L,40.0,4.0,2024-10-01,<,Raanana_current_monitoring_2024,
raanana_nt_3,נת רעננה 3,industrial_monitoring,Raanana_main_industrial,CHLF,CHLOROFORM,microgr/L,µg/L,80.0,0.0,2012-06-25,=,Raanana_current_monitoring_2024,
raanana_nt_3,נת רעננה 3,industrial_monitoring,Raanana_main_industrial,MTBE,MTBE,microgr/L,µg/L,40.0,0.0,2012-06-25,=,Raanana_current_monitoring_2024,
raanana_nt_3,נת רעננה 3,industrial_monitoring,Raanana_main_industrial,OXYL,o-Xylene,microgr/L,µg/L,,0.0,2012-06-25,=,Raanana_current_monitoring_2024,
raanana_nt_3,נת רעננה 3,industrial_monitoring,Raanana_main_industrial,PXYL,p-xylene,microgr/L,µg/L,,0.0,2012-06-25,=,Raanana_current_monitoring_2024,
raanana_nt_3,נת רעננה 3,industrial_monitoring,Raanana_main_industrial,TCEY,TRICHLORO ETHYLENE,microgr/L,µg/L,7.5,0.0,2012-06-25,=,Raanana_current_monitoring_2024,
raanana_nt_3,נת רעננה 3,industrial_monitoring,Raanana_main_industrial,AS,ARSENIC AS AS,microgr/L,µg/L,10.0,0.0,2012-06-25,=,Raanana_current_monitoring_2024,
raanana_nt_3,נת רעננה 3,industrial_monitoring,Raanana_main_industrial,BA,BARIUM AS BA,microgr/L,µg/L,1000.0,0.0,2012-06-25,=,Raanana_current_monitoring_2024,
raanana_nt_3,נת רעננה 3,industrial_monitoring,Raanana_main_industrial,CD,CADMIUM AS CD,microgr/L,µg/L,5.0,0.0,2012-06-25,=,Raanana_current_monitoring_2024,
raanana_nt_3,נת רעננה 3,industrial_monitoring,Raanana_main_industrial,CR,CHROMIUM AS CR,microgr/L,µg/L,50.0,2.0,2012-06-25,=,Raanana_current_monitoring_2024,
raanana_nt_3,נת רעננה 3,industrial_monitoring,Raanana_main_industrial,CU,COPPER AS CU,microgr/L,µg/L,1400.0,0.0,2012-06-25,=,Raanana_current_monitoring_2024,
raanana_nt_3,נת רעננה 3,industrial_monitoring,Raanana_main_industrial,FE++,FERROUS IRON DISSOLVED AS FE,microgr/L,µg/L,,927.0,2012-06-25,=,Raanana_current_monitoring_2024,
raanana_nt_3,נת רעננה 3,industrial_monitoring,Raanana_main_industrial,MN,MANGANESE TOTAL AS MN,microgr/L,µg/L,200.0,261.0,2012-06-25,=,Raanana_current_monitoring_2024,
raanana_nt_3,נת רעננה 3,industrial_monitoring,Raanana_main_industrial,NI,NICKEL AS NI,microgr/L,µg/L,20.0,0.0,2012-06-25,=,Raanana_current_monitoring_2024,
raanana_nt_3,נת רעננה 3,industrial_monitoring,Raanana_main_industrial,PB,LEAD AS PB,microgr/L,µg/L,10.0,0.0,2012-06-25,=,Raanana_current_monitoring_2024,
raanana_nt_3,נת רעננה 3,industrial_monitoring,Raanana_main_industrial,CHLF,CHLOROFORM,microgr/L,µg/L,80.0,0.0,2012-08-06,=,Raanana_current_monitoring_2024,
raanana_nt_3,נת רעננה 3,industrial_monitoring,Raanana_main_industrial,MTBE,MTBE,microgr/L,µg/L,40.0,2.11,2012-08-06,=,Raanana_current_monitoring_2024,
raanana_nt_3,נת רעננה 3,industrial_monitoring,Raanana_main_industrial,OXYL,o-Xylene,microgr/L,µg/L,,0.0,2012-08-06,=,Raanana_current_monitoring_2024,
raanana_nt_3,נת רעננה 3,industrial_monitoring,Raanana_main_industrial,PXYL,p-xylene,microgr/L,µg/L,,0.0,2012-08-06,=,Raanana_current_monitoring_2024,
raanana_nt_3,נת רעננה 3,industrial_monitoring,Raanana_main_industrial,TCEY,TRICHLORO ETHYLENE,microgr/L,µg/L,7.5,0.0,2012-08-06,=,Raanana_current_monitoring_2024,
raanana_nt_3,נת רעננה 3,industrial_monitoring,Raanana_main_industrial,AS,ARSENIC AS AS,microgr/L,µg/L,10.0,0.0,2014-10-30,=,Raanana_current_monitoring_2024,
raanana_nt_3,נת רעננה 3,industrial_monitoring,Raanana_main_industrial,CD,CADMIUM AS CD,microgr/L,µg/L,5.0,0.0,2014-10-30,=,Raanana_current_monitoring_2024,
raanana_nt_3,נת רעננה 3,industrial_monitoring,Raanana_main_industrial,CR,CHROMIUM AS CR,microgr/L,µg/L,50.0,4.5,2014-10-30,=,Raanana_current_monitoring_2024,
raanana_nt_3,נת רעננה 3,industrial_monitoring,Raanana_main_industrial,CU,COPPER AS CU,microgr/L,µg/L,1400.0,4.1,2014-10-30,=,Raanana_current_monitoring_2024,
raanana_nt_3,נת רעננה 3,industrial_monitoring,Raanana_main_industrial,FE,IRON TOTAL AS FE,microgr/L,µg/L,1000.0,2040.0,2014-10-30,=,Raanana_current_monitoring_2024,
raanana_nt_3,נת רעננה 3,industrial_monitoring,Raanana_main_industrial,MN,MANGANESE TOTAL AS MN,microgr/L,µg/L,200.0,83.7,2014-10-30,=,Raanana_current_monitoring_2024,
raanana_nt_3,נת רעננה 3,industrial_monitoring,Raanana_main_industrial,NI,NICKEL AS NI,microgr/L,µg/L,20.0,4.6,2014-10-30,=,Raanana_current_monitoring_2024,
raanana_nt_3,נת רעננה 3,industrial_monitoring,Raanana_main_industrial,PB,LEAD AS PB,microgr/L,µg/L,10.0,0.0,2014-10-30,=,Raanana_current_monitoring_2024,
raanana_nt_3,נת רעננה 3,industrial_monitoring,Raanana_main_industrial,CHLF,CHLOROFORM,microgr/L,µg/L,80.0,0.0,2015-06-28,=,Raanana_current_monitoring_2024,
raanana_nt_3,נת רעננה 3,industrial_monitoring,Raanana_main_industrial,MTBE,MTBE,microgr/L,µg/L,40.0,0.0,2015-06-28,=,Raanana_current_monitoring_2024,
raanana_nt_3,נת רעננה 3,industrial_monitoring,Raanana_main_industrial,OXYL,o-Xylene,microgr/L,µg/L,,0.0,2015-06-28,=,Raanana_current_monitoring_2024,
raanana_nt_3,נת רעננה 3,industrial_monitoring,Raanana_main_industrial,PXYL,p-xylene,microgr/L,µg/L,,0.0,2015-06-28,=,Raanana_current_monitoring_2024,
raanana_nt_3,נת רעננה 3,industrial_monitoring,Raanana_main_industrial,TCEY,TRICHLORO ETHYLENE,microgr/L,µg/L,7.5,74.6,2015-06-28,=,Raanana_current_monitoring_2024,
raanana_nt_3,נת רעננה 3,industrial_monitoring,Raanana_main_industrial,AS,ARSENIC AS AS,microgr/L,µg/L,10.0,0.0,2015-06-28,=,Raanana_current_monitoring_2024,
raanana_nt_3,נת רעננה 3,industrial_monitoring,Raanana_main_industrial,BA,BARIUM AS BA,microgr/L,µg/L,1000.0,48.38,2015-06-28,=,Raanana_current_monitoring_2024,
raanana_nt_3,נת רעננה 3,industrial_monitoring,Raanana_main_industrial,CD,CADMIUM AS CD,microgr/L,µg/L,5.0,0.0,2015-06-28,=,Raanana_current_monitoring_2024,
raanana_nt_3,נת רעננה 3,industrial_monitoring,Raanana_main_industrial,CR,CHROMIUM AS CR,microgr/L,µg/L,50.0,0.0,2015-06-28,=,Raanana_current_monitoring_2024,
raanana_nt_3,נת רעננה 3,industrial_monitoring,Raanana_main_industrial,CU,COPPER AS CU,microgr/L,µg/L,1400.0,0.0,2015-06-28,=,Raanana_current_monitoring_2024,
raanana_nt_3,נת רעננה 3,industrial_monitoring,Raanana_main_industrial,FE,IRON TOTAL AS FE,microgr/L,µg/L,1000.0,0.0,2015-06-28,=,Raanana_current_monitoring_2024,
raanana_nt_3,נת רעננה 3,industrial_monitoring,Raanana_main_industrial,MN,MANGANESE TOTAL AS MN,microgr/L,µg/L,200.0,3.6,2015-06-28,=,Raanana_current_monitoring_2024,
raanana_nt_3,נת רעננה 3,industrial_monitoring,Raanana_main_industrial,NI,NICKEL AS NI,microgr/L,µg/L,20.0,0.0,2015-06-28,=,Raanana_current_monitoring_2024,
raanana_nt_3,נת רעננה 3,industrial_monitoring,Raanana_main_industrial,PB,LEAD AS PB,microgr/L,µg/L,10.0,0.0,2015-06-28,=,Raanana_current_monitoring_2024,
raanana_nt_3,נת רעננה 3,industrial_monitoring,Raanana_main_industrial,ZN,ZINC AS ZN,microgr/L,µg/L,5000.0,35.36,2015-06-28,=,Raanana_current_monitoring_2024,
raanana_nt_3,נת רעננה 3,industrial_monitoring,Raanana_main_industrial,CHLF,CHLOROFORM,microgr/L,µg/L,80.0,0.0,2016-02-29,=,Raanana_current_monitoring_2024,
raanana_nt_3,נת רעננה 3,industrial_monitoring,Raanana_main_industrial,MTBE,MTBE,microgr/L,µg/L,40.0,0.0,2016-02-29,=,Raanana_current_monitoring_2024,
raanana_nt_3,נת רעננה 3,industrial_monitoring,Raanana_main_industrial,TCEY,TRICHLORO ETHYLENE,microgr/L,µg/L,7.5,49.4,2016-02-29,=,Raanana_current_monitoring_2024,
raanana_nt_3,נת רעננה 3,industrial_monitoring,Raanana_main_industrial,BA,BARIUM AS BA,microgr/L,µg/L,1000.0,91.252,2016-02-29,=,Raanana_current_monitoring_2024,
raanana_nt_3,נת רעננה 3,industrial_monitoring,Raanana_main_industrial,CR,CHROMIUM AS CR,microgr/L,µg/L,50.0,0.0,2016-02-29,=,Raanana_current_monitoring_2024,
raanana_nt_3,נת רעננה 3,industrial_monitoring,Raanana_main_industrial,FE,IRON TOTAL AS FE,microgr/L,µg/L,1000.0,0.0,2016-02-29,=,Raanana_current_monitoring_2024,
raanana_nt_3,נת רעננה 3,industrial_monitoring,Raanana_main_industrial,MN,MANGANESE TOTAL AS MN,microgr/L,µg/L,200.0,9.822,2016-02-29,=,Raanana_current_monitoring_2024,
raanana_nt_3,נת רעננה 3,industrial_monitoring,Raanana_main_industrial,ZN,ZINC AS ZN,microgr/L,µg/L,5000.0,120.989,2016-02-29,=,Raanana_current_monitoring_2024,
raanana_nt_3,נת רעננה 3,industrial_monitoring,Raanana_main_industrial,CHLF,CHLOROFORM,microgr/L,µg/L,80.0,0.0,2017-06-11,=,Raanana_current_monitoring_2024,
raanana_nt_3,נת רעננה 3,industrial_monitoring,Raanana_main_industrial,MTBE,MTBE,microgr/L,µg/L,40.0,16.17,2017-06-11,=,Raanana_current_monitoring_2024,
raanana_nt_3,נת רעננה 3,industrial_monitoring,Raanana_main_industrial,OXYL,o-Xylene,microgr/L,µg/L,,0.0,2017-06-11,=,Raanana_current_monitoring_2024,
raanana_nt_3,נת רעננה 3,industrial_monitoring,Raanana_main_industrial,TCEY,TRICHLORO ETHYLENE,microgr/L,µg/L,7.5,17.44,2017-06-11,=,Raanana_current_monitoring_2024,
raanana_nt_3,נת רעננה 3,industrial_monitoring,Raanana_main_industrial,BA,BARIUM AS BA,microgr/L,µg/L,1000.0,98.942,2017-06-11,=,Raanana_current_monitoring_2024,
raanana_nt_3,נת רעננה 3,industrial_monitoring,Raanana_main_industrial,CR,CHROMIUM AS CR,microgr/L,µg/L,50.0,2.633,2017-06-11,=,Raanana_current_monitoring_2024,
raanana_nt_3,נת רעננה 3,industrial_monitoring,Raanana_main_industrial,CU,COPPER AS CU,microgr/L,µg/L,1400.0,0.0,2017-06-11,=,Raanana_current_monitoring_2024,
raanana_nt_3,נת רעננה 3,industrial_monitoring,Raanana_main_industrial,FE,IRON TOTAL AS FE,microgr/L,µg/L,1000.0,0.0,2017-06-11,=,Raanana_current_monitoring_2024,
raanana_nt_3,נת רעננה 3,industrial_monitoring,Raanana_main_industrial,MN,MANGANESE TOTAL AS MN,microgr/L,µg/L,200.0,13.2,2017-06-11,=,Raanana_current_monitoring_2024,
raanana_nt_3,נת רעננה 3,industrial_monitoring,Raanana_main_industrial,NI,NICKEL AS NI,microgr/L,µg/L,20.0,0.0,2017-06-11,=,Raanana_current_monitoring_2024,
raanana_nt_3,נת רעננה 3,industrial_monitoring,Raanana_main_industrial,ZN,ZINC AS ZN,microgr/L,µg/L,5000.0,0.0,2017-06-11,=,Raanana_current_monitoring_2024,
raanana_nt_3,נת רעננה 3,industrial_monitoring,Raanana_main_industrial,CHLF,CHLOROFORM,microgr/L,µg/L,80.0,1.8,2018-07-16,=,Raanana_current_monitoring_2024,
raanana_nt_3,נת רעננה 3,industrial_monitoring,Raanana_main_industrial,MTBE,MTBE,microgr/L,µg/L,40.0,1.4,2018-07-16,=,Raanana_current_monitoring_2024,
raanana_nt_3,נת רעננה 3,industrial_monitoring,Raanana_main_industrial,TCEY,TRICHLORO ETHYLENE,microgr/L,µg/L,7.5,13.9,2018-07-16,=,Raanana_current_monitoring_2024,
raanana_nt_3,נת רעננה 3,industrial_monitoring,Raanana_main_industrial,AS,ARSENIC AS AS,microgr/L,µg/L,10.0,0.0,2018-07-16,=,Raanana_current_monitoring_2024,
raanana_nt_3,נת רעננה 3,industrial_monitoring,Raanana_main_industrial,BA,BARIUM AS BA,microgr/L,µg/L,1000.0,95.388,2018-07-16,=,Raanana_current_monitoring_2024,
raanana_nt_3,נת רעננה 3,industrial_monitoring,Raanana_main_industrial,CD,CADMIUM AS CD,microgr/L,µg/L,5.0,0.0,2018-07-16,=,Raanana_current_monitoring_2024,
raanana_nt_3,נת רעננה 3,industrial_monitoring,Raanana_main_industrial,CR,CHROMIUM AS CR,microgr/L,µg/L,50.0,0.0,2018-07-16,=,Raanana_current_monitoring_2024,
raanana_nt_3,נת רעננה 3,industrial_monitoring,Raanana_main_industrial,CU,COPPER AS CU,microgr/L,µg/L,1400.0,3.035,2018-07-16,=,Raanana_current_monitoring_2024,
raanana_nt_3,נת רעננה 3,industrial_monitoring,Raanana_main_industrial,FE,IRON TOTAL AS FE,microgr/L,µg/L,1000.0,2.037,2018-07-16,=,Raanana_current_monitoring_2024,
raanana_nt_3,נת רעננה 3,industrial_monitoring,Raanana_main_industrial,MN,MANGANESE TOTAL AS MN,microgr/L,µg/L,200.0,21.378,2018-07-16,=,Raanana_current_monitoring_2024,
raanana_nt_3,נת רעננה 3,industrial_monitoring,Raanana_main_industrial,NI,NICKEL AS NI,microgr/L,µg/L,20.0,27.463,2018-07-16,=,Raanana_current_monitoring_2024,
raanana_nt_3,נת רעננה 3,industrial_monitoring,Raanana_main_industrial,PB,LEAD AS PB,microgr/L,µg/L,10.0,0.0,2018-07-16,=,Raanana_current_monitoring_2024,
raanana_nt_3,נת רעננה 3,industrial_monitoring,Raanana_main_industrial,ZN,ZINC AS ZN,microgr/L,µg/L,5000.0,29.03,2018-07-16,=,Raanana_current_monitoring_2024,
raanana_nt_3,נת רעננה 3,industrial_monitoring,Raanana_main_industrial,AS,ARSENIC AS AS,microgr/L,µg/L,10.0,0.0,2019-07-22,=,Raanana_current_monitoring_2024,
raanana_nt_3,נת רעננה 3,industrial_monitoring,Raanana_main_industrial,BA,BARIUM AS BA,microgr/L,µg/L,1000.0,104.865,2019-07-22,=,Raanana_current_monitoring_2024,
raanana_nt_3,נת רעננה 3,industrial_monitoring,Raanana_main_industrial,CD,CADMIUM AS CD,microgr/L,µg/L,5.0,0.0,2019-07-22,=,Raanana_current_monitoring_2024,
raanana_nt_3,נת רעננה 3,industrial_monitoring,Raanana_main_industrial,CHLF,CHLOROFORM,microgr/L,µg/L,80.0,3.67,2019-07-22,=,Raanana_current_monitoring_2024,
raanana_nt_3,נת רעננה 3,industrial_monitoring,Raanana_main_industrial,CR,CHROMIUM AS CR,microgr/L,µg/L,50.0,10.375,2019-07-22,=,Raanana_current_monitoring_2024,
raanana_nt_3,נת רעננה 3,industrial_monitoring,Raanana_main_industrial,CU,COPPER AS CU,microgr/L,µg/L,1400.0,0.0,2019-07-22,=,Raanana_current_monitoring_2024,
raanana_nt_3,נת רעננה 3,industrial_monitoring,Raanana_main_industrial,FE,IRON TOTAL AS FE,microgr/L,µg/L,1000.0,0.0,2019-07-22,=,Raanana_current_monitoring_2024,
raanana_nt_3,נת רעננה 3,industrial_monitoring,Raanana_main_industrial,MN,MANGANESE TOTAL AS MN,microgr/L,µg/L,200.0,0.0,2019-07-22,=,Raanana_current_monitoring_2024,
raanana_nt_3,נת רעננה 3,industrial_monitoring,Raanana_main_industrial,NI,NICKEL AS NI,microgr/L,µg/L,20.0,0.0,2019-07-22,=,Raanana_current_monitoring_2024,
raanana_nt_3,נת רעננה 3,industrial_monitoring,Raanana_main_industrial,PB,LEAD AS PB,microgr/L,µg/L,10.0,0.0,2019-07-22,=,Raanana_current_monitoring_2024,
raanana_nt_3,נת רעננה 3,industrial_monitoring,Raanana_main_industrial,SE,SELENIUM AS SE,microgr/L,µg/L,10.0,0.0,2019-07-22,=,Raanana_current_monitoring_2024,
raanana_nt_3,נת רעננה 3,industrial_monitoring,Raanana_main_industrial,TCEY,TRICHLORO ETHYLENE,microgr/L,µg/L,7.5,3.95,2019-07-22,=,Raanana_current_monitoring_2024,
raanana_nt_3,נת רעננה 3,industrial_monitoring,Raanana_main_industrial,ZN,ZINC AS ZN,microgr/L,µg/L,5000.0,89.538,2019-07-22,=,Raanana_current_monitoring_2024,
raanana_nt_3,נת רעננה 3,industrial_monitoring,Raanana_main_industrial,AS,ARSENIC AS AS,microgr/L,µg/L,10.0,0.0,2024-09-04,=,Raanana_current_monitoring_2024,
raanana_nt_3,נת רעננה 3,industrial_monitoring,Raanana_main_industrial,BA,BARIUM AS BA,microgr/L,µg/L,1000.0,92.1,2024-09-04,=,Raanana_current_monitoring_2024,
raanana_nt_3,נת רעננה 3,industrial_monitoring,Raanana_main_industrial,CD,CADMIUM AS CD,microgr/L,µg/L,5.0,0.0,2024-09-04,=,Raanana_current_monitoring_2024,
raanana_nt_3,נת רעננה 3,industrial_monitoring,Raanana_main_industrial,CHLF,CHLOROFORM,microgr/L,µg/L,80.0,2.894,2024-09-04,=,Raanana_current_monitoring_2024,
raanana_nt_3,נת רעננה 3,industrial_monitoring,Raanana_main_industrial,CR,CHROMIUM AS CR,microgr/L,µg/L,50.0,0.0,2024-09-04,=,Raanana_current_monitoring_2024,
raanana_nt_3,נת רעננה 3,industrial_monitoring,Raanana_main_industrial,CU,COPPER AS CU,microgr/L,µg/L,1400.0,0.0,2024-09-04,=,Raanana_current_monitoring_2024,
raanana_nt_3,נת רעננה 3,industrial_monitoring,Raanana_main_industrial,FE,IRON TOTAL AS FE,microgr/L,µg/L,1000.0,0.0,2024-09-04,=,Raanana_current_monitoring_2024,
raanana_nt_3,נת רעננה 3,industrial_monitoring,Raanana_main_industrial,MN,MANGANESE TOTAL AS MN,microgr/L,µg/L,200.0,0.0,2024-09-04,=,Raanana_current_monitoring_2024,
raanana_nt_3,נת רעננה 3,industrial_monitoring,Raanana_main_industrial,MTBE,MTBE,microgr/L,µg/L,40.0,1.0,2024-09-04,<,Raanana_current_monitoring_2024,
raanana_nt_3,נת רעננה 3,industrial_monitoring,Raanana_main_industrial,NI,NICKEL AS NI,microgr/L,µg/L,20.0,0.0,2024-09-04,=,Raanana_current_monitoring_2024,
raanana_nt_3,נת רעננה 3,industrial_monitoring,Raanana_main_industrial,PB,LEAD AS PB,microgr/L,µg/L,10.0,0.0,2024-09-04,=,Raanana_current_monitoring_2024,
raanana_nt_3,נת רעננה 3,industrial_monitoring,Raanana_main_industrial,SE,SELENIUM AS SE,microgr/L,µg/L,10.0,0.0,2024-09-04,=,Raanana_current_monitoring_2024,
raanana_nt_3,נת רעננה 3,industrial_monitoring,Raanana_main_industrial,TCEY,TRICHLORO ETHYLENE,microgr/L,µg/L,7.5,1.205,2024-09-04,=,Raanana_current_monitoring_2024,
raanana_nt_3,נת רעננה 3,industrial_monitoring,Raanana_main_industrial,ZN,ZINC AS ZN,microgr/L,µg/L,5000.0,0.0,2024-09-04,=,Raanana_current_monitoring_2024,
raanana_nt_3,נת רעננה 3,industrial_monitoring,Raanana_main_industrial,AS,ARSENIC AS AS,microgr/L,µg/L,10.0,0.0,2025-07-29,=,Raanana_current_monitoring_2024,
raanana_nt_3,נת רעננה 3,industrial_monitoring,Raanana_main_industrial,BA,BARIUM AS BA,microgr/L,µg/L,1000.0,98.4,2025-07-29,=,Raanana_current_monitoring_2024,
raanana_nt_3,נת רעננה 3,industrial_monitoring,Raanana_main_industrial,CD,CADMIUM AS CD,microgr/L,µg/L,5.0,0.0,2025-07-29,=,Raanana_current_monitoring_2024,
raanana_nt_3,נת רעננה 3,industrial_monitoring,Raanana_main_industrial,CHLF,CHLOROFORM,microgr/L,µg/L,80.0,3.25,2025-07-29,=,Raanana_current_monitoring_2024,
raanana_nt_3,נת רעננה 3,industrial_monitoring,Raanana_main_industrial,CR,CHROMIUM AS CR,microgr/L,µg/L,50.0,0.0,2025-07-29,=,Raanana_current_monitoring_2024,
raanana_nt_3,נת רעננה 3,industrial_monitoring,Raanana_main_industrial,CU,COPPER AS CU,microgr/L,µg/L,1400.0,0.0,2025-07-29,=,Raanana_current_monitoring_2024,
raanana_nt_3,נת רעננה 3,industrial_monitoring,Raanana_main_industrial,FE,IRON TOTAL AS FE,microgr/L,µg/L,1000.0,0.0,2025-07-29,=,Raanana_current_monitoring_2024,
raanana_nt_3,נת רעננה 3,industrial_monitoring,Raanana_main_industrial,MN,MANGANESE TOTAL AS MN,microgr/L,µg/L,200.0,0.0,2025-07-29,=,Raanana_current_monitoring_2024,
raanana_nt_3,נת רעננה 3,industrial_monitoring,Raanana_main_industrial,MTBE,MTBE,microgr/L,µg/L,40.0,1.0,2025-07-29,<,Raanana_current_monitoring_2024,
raanana_nt_3,נת רעננה 3,industrial_monitoring,Raanana_main_industrial,NI,NICKEL AS NI,microgr/L,µg/L,20.0,0.0,2025-07-29,=,Raanana_current_monitoring_2024,
raanana_nt_3,נת רעננה 3,industrial_monitoring,Raanana_main_industrial,PB,LEAD AS PB,microgr/L,µg/L,10.0,0.0,2025-07-29,=,Raanana_current_monitoring_2024,
raanana_nt_3,נת רעננה 3,industrial_monitoring,Raanana_main_industrial,SE,SELENIUM AS SE,microgr/L,µg/L,10.0,0.0,2025-07-29,=,Raanana_current_monitoring_2024,
raanana_nt_3,נת רעננה 3,industrial_monitoring,Raanana_main_industrial,TCEY,TRICHLORO ETHYLENE,microgr/L,µg/L,7.5,1.57,2025-07-29,=,Raanana_current_monitoring_2024,
raanana_nt_3,נת רעננה 3,industrial_monitoring,Raanana_main_industrial,ZN,ZINC AS ZN,microgr/L,µg/L,5000.0,0.0,2025-07-29,=,Raanana_current_monitoring_2024,
raanana_nd_turbine,נד תחנת טורבינות גז רעננה,fuel_monitoring,Raanana_main_industrial,MTBE,MTBE,microgr/L,µg/L,40.0,0.0,2011-06-28,=,Raanana_current_monitoring_2024,
raanana_nd_turbine,נד תחנת טורבינות גז רעננה,fuel_monitoring,Raanana_main_industrial,MTBE,MTBE,microgr/L,µg/L,40.0,0.0,2014-04-23,=,Raanana_current_monitoring_2024,
raanana_nd_turbine,נד תחנת טורבינות גז רעננה,fuel_monitoring,Raanana_main_industrial,MTBE,MTBE,microgr/L,µg/L,40.0,0.0,2015-02-02,=,Raanana_current_monitoring_2024,
raanana_nd_turbine,נד תחנת טורבינות גז רעננה,fuel_monitoring,Raanana_main_industrial,MTBE,MTBE,microgr/L,µg/L,40.0,4.0,2019-02-28,=,Raanana_current_monitoring_2024,
raanana_nd_turbine,נד תחנת טורבינות גז רעננה,fuel_monitoring,Raanana_main_industrial,CHLF,CHLOROFORM,microgr/L,µg/L,80.0,0.0,2023-11-14,=,Raanana_current_monitoring_2024,
raanana_nd_turbine,נד תחנת טורבינות גז רעננה,fuel_monitoring,Raanana_main_industrial,MTBE,MTBE,microgr/L,µg/L,40.0,0.0,2023-11-14,=,Raanana_current_monitoring_2024,
raanana_nd_turbine,נד תחנת טורבינות גז רעננה,fuel_monitoring,Raanana_main_industrial,TCEY,TRICHLORO ETHYLENE,microgr/L,µg/L,7.5,0.0,2023-11-14,=,Raanana_current_monitoring_2024,
raanana_nd_turbine,נד תחנת טורבינות גז רעננה,fuel_monitoring,Raanana_main_industrial,PFBA,Perfluorobytanoic acid,microgr/L,µg/L,0.1,0.052,2025-07-30,=,Raanana_current_monitoring_2024,
raanana_nd_turbine,נד תחנת טורבינות גז רעננה,fuel_monitoring,Raanana_main_industrial,PFBS,Perfluorobutane Sulfonic Acid,microgr/L,µg/L,0.1,0.03,2025-07-30,=,Raanana_current_monitoring_2024,
raanana_nd_turbine,נד תחנת טורבינות גז רעננה,fuel_monitoring,Raanana_main_industrial,PFDA,Perfluorodecanoic acid,microgr/L,µg/L,0.1,0.01,2025-07-30,<,Raanana_current_monitoring_2024,
raanana_nd_turbine,נד תחנת טורבינות גז רעננה,fuel_monitoring,Raanana_main_industrial,PFHpA,Perfluoroheptanoic acid,microgr/L,µg/L,0.1,0.037,2025-07-30,=,Raanana_current_monitoring_2024,
raanana_nd_turbine,נד תחנת טורבינות גז רעננה,fuel_monitoring,Raanana_main_industrial,PFHxA,Perfluorohexanoic acid,microgr/L,µg/L,0.1,0.159,2025-07-30,=,Raanana_current_monitoring_2024,
raanana_nd_turbine,נד תחנת טורבינות גז רעננה,fuel_monitoring,Raanana_main_industrial,PFHxS,Perfluorohexanesulfonic acid,microgr/L,µg/L,0.1,1.16,2025-07-30,=,Raanana_current_monitoring_2024,
raanana_nd_turbine,נד תחנת טורבינות גז רעננה,fuel_monitoring,Raanana_main_industrial,PFNA,Perfluorononanoic acid,microgr/L,µg/L,0.1,0.01,2025-07-30,<,Raanana_current_monitoring_2024,
raanana_nd_turbine,נד תחנת טורבינות גז רעננה,fuel_monitoring,Raanana_main_industrial,PFOA,Per-FluoroOctanoic Acid,microgr/L,µg/L,0.1,0.524,2025-07-30,=,Raanana_current_monitoring_2024,
raanana_nd_turbine,נד תחנת טורבינות גז רעננה,fuel_monitoring,Raanana_main_industrial,PFOS,Per-FluoroOctaneSulfonate,microgr/L,µg/L,0.1,0.01,2025-07-30,<,Raanana_current_monitoring_2024,
raanana_nd_turbine,נד תחנת טורבינות גז רעננה,fuel_monitoring,Raanana_main_industrial,PFPeA,Perfluoropentanoic acid,microgr/L,µg/L,0.1,0.133,2025-07-30,=,Raanana_current_monitoring_2024,
